paradigm,feature_name,icc3_1,icc3_1_ci_lo,icc3_1_ci_hi,stratum_from_icc2_1
radiomics-3d,original_shape_Elongation,0.780679753365015,0.75,0.81,good
radiomics-3d,original_shape_Flatness,0.7818697749967142,0.75,0.81,good
radiomics-3d,original_shape_LeastAxisLength,0.974632224340028,0.97,0.98,good
radiomics-3d,original_shape_MajorAxisLength,0.9703520969598498,0.97,0.97,excellent
radiomics-3d,original_shape_Maximum2DDiameterColumn,0.9609588604803913,0.95,0.97,good
radiomics-3d,original_shape_Maximum2DDiameterRow,0.9709843959140882,0.97,0.98,excellent
radiomics-3d,original_shape_Maximum2DDiameterSlice,0.9745331239519232,0.97,0.98,excellent
radiomics-3d,original_shape_Maximum3DDiameter,0.9714439994996809,0.97,0.98,excellent
radiomics-3d,original_shape_MeshVolume,0.8922953892713189,0.88,0.91,good
radiomics-3d,original_shape_MinorAxisLength,0.973253188482894,0.97,0.98,excellent
radiomics-3d,original_shape_Sphericity,0.8695614687777689,0.85,0.89,good
radiomics-3d,original_shape_SurfaceArea,0.949761949728252,0.94,0.96,excellent
radiomics-3d,original_shape_SurfaceVolumeRatio,0.8832262302137862,0.87,0.9,moderate
radiomics-3d,original_shape_VoxelVolume,0.8929843538708231,0.88,0.91,good
radiomics-3d,original_firstorder_10Percentile,0.984389609886255,0.98,0.99,excellent
radiomics-3d,original_firstorder_90Percentile,0.9872581625473394,0.99,0.99,excellent
radiomics-3d,original_firstorder_Energy,0.8716485772921361,0.85,0.89,good
radiomics-3d,original_firstorder_Entropy,0.9747751435830376,0.97,0.98,excellent
radiomics-3d,original_firstorder_InterquartileRange,0.954582567443118,0.95,0.96,excellent
radiomics-3d,original_firstorder_Kurtosis,0.6022684435560076,0.56,0.64,moderate
radiomics-3d,original_firstorder_Maximum,0.9541458682218842,0.95,0.96,excellent
radiomics-3d,original_firstorder_MeanAbsoluteDeviation,0.9689174513475544,0.96,0.97,excellent
radiomics-3d,original_firstorder_Mean,0.9960751183939648,1.0,1.0,excellent
radiomics-3d,original_firstorder_Median,0.9923197504154652,0.99,0.99,excellent
radiomics-3d,original_firstorder_Minimum,0.9780070701520688,0.97,0.98,excellent
radiomics-3d,original_firstorder_Range,0.9452671391364684,0.94,0.95,excellent
radiomics-3d,original_firstorder_RobustMeanAbsoluteDeviation,0.9627314296663072,0.96,0.97,excellent
radiomics-3d,original_firstorder_RootMeanSquared,0.994686484637448,0.99,1.0,excellent
radiomics-3d,original_firstorder_Skewness,0.8323867510235725,0.81,0.85,good
radiomics-3d,original_firstorder_TotalEnergy,0.871638519482704,0.85,0.89,good
radiomics-3d,original_firstorder_Uniformity,0.9705927785533386,0.97,0.97,excellent
radiomics-3d,original_firstorder_Variance,0.9646646968440952,0.96,0.97,excellent
radiomics-3d,original_glcm_Autocorrelation,0.940932078746868,0.93,0.95,excellent
radiomics-3d,original_glcm_ClusterProminence,0.8961657768021339,0.88,0.91,good
radiomics-3d,original_glcm_ClusterShade,0.8896437534175641,0.87,0.9,good
radiomics-3d,original_glcm_ClusterTendency,0.9597508682085004,0.95,0.97,excellent
radiomics-3d,original_glcm_Contrast,0.972337234599742,0.97,0.98,excellent
radiomics-3d,original_glcm_Correlation,0.9345118854399446,0.92,0.94,excellent
radiomics-3d,original_glcm_DifferenceAverage,0.9742384647678364,0.97,0.98,excellent
radiomics-3d,original_glcm_DifferenceEntropy,0.974797160159048,0.97,0.98,excellent
radiomics-3d,original_glcm_DifferenceVariance,0.9583508726365336,0.95,0.96,excellent
radiomics-3d,original_glcm_Id,0.9805468980711008,0.98,0.98,excellent
radiomics-3d,original_glcm_Idm,0.9807840472027768,0.98,0.98,excellent
radiomics-3d,original_glcm_Idmn,0.846220185123834,0.83,0.87,good
radiomics-3d,original_glcm_Idn,0.8990147234748355,0.88,0.91,good
radiomics-3d,original_glcm_Imc1,0.8758677688482982,0.86,0.89,good
radiomics-3d,original_glcm_Imc2,0.9143727156030496,0.9,0.93,excellent
radiomics-3d,original_glcm_InverseVariance,0.9618313975179728,0.96,0.97,excellent
radiomics-3d,original_glcm_JointAverage,0.9395528104401856,0.93,0.95,excellent
radiomics-3d,original_glcm_JointEnergy,0.9625362367392498,0.96,0.97,excellent
radiomics-3d,original_glcm_JointEntropy,0.9711540689883944,0.97,0.98,excellent
radiomics-3d,original_glcm_MCC,0.8862011006627369,0.87,0.9,good
radiomics-3d,original_glcm_MaximumProbability,0.9658775692454666,0.96,0.97,excellent
radiomics-3d,original_glcm_SumAverage,0.9395528104401858,0.93,0.95,excellent
radiomics-3d,original_glcm_SumEntropy,0.9663907491476404,0.96,0.97,excellent
radiomics-3d,original_glcm_SumSquares,0.963014410484458,0.96,0.97,excellent
radiomics-3d,original_gldm_DependenceEntropy,0.9328653009648642,0.92,0.94,good
radiomics-3d,original_gldm_DependenceNonUniformity,0.8989329477634096,0.88,0.91,good
radiomics-3d,original_gldm_DependenceNonUniformityNormalized,0.9251914152127642,0.91,0.94,excellent
radiomics-3d,original_gldm_DependenceVariance,0.9607160067651213,0.95,0.97,excellent
radiomics-3d,original_gldm_GrayLevelNonUniformity,0.9048009116990506,0.89,0.92,good
radiomics-3d,original_gldm_GrayLevelVariance,0.964717417601934,0.96,0.97,excellent
radiomics-3d,original_gldm_HighGrayLevelEmphasis,0.9432862268022884,0.93,0.95,excellent
radiomics-3d,original_gldm_LargeDependenceEmphasis,0.9770758889332914,0.97,0.98,excellent
radiomics-3d,original_gldm_LargeDependenceHighGrayLevelEmphasis,0.8998171275293145,0.89,0.91,good
radiomics-3d,original_gldm_LargeDependenceLowGrayLevelEmphasis,0.9522760468239524,0.94,0.96,excellent
radiomics-3d,original_gldm_LowGrayLevelEmphasis,0.8415029102859454,0.82,0.86,good
radiomics-3d,original_gldm_SmallDependenceEmphasis,0.9567546828042248,0.95,0.96,excellent
radiomics-3d,original_gldm_SmallDependenceHighGrayLevelEmphasis,0.9745873192431248,0.97,0.98,excellent
radiomics-3d,original_gldm_SmallDependenceLowGrayLevelEmphasis,0.7483984534702053,0.72,0.78,moderate
radiomics-3d,original_glrlm_GrayLevelNonUniformity,0.9190137009440768,0.91,0.93,good
radiomics-3d,original_glrlm_GrayLevelNonUniformityNormalized,0.9615180652189186,0.96,0.97,excellent
radiomics-3d,original_glrlm_GrayLevelVariance,0.9638453778199978,0.96,0.97,excellent
radiomics-3d,original_glrlm_HighGrayLevelRunEmphasis,0.94389067240808,0.94,0.95,excellent
radiomics-3d,original_glrlm_LongRunEmphasis,0.9712611498622692,0.97,0.98,excellent
radiomics-3d,original_glrlm_LongRunHighGrayLevelEmphasis,0.915166548253556,0.9,0.93,excellent
radiomics-3d,original_glrlm_LongRunLowGrayLevelEmphasis,0.9466716117626972,0.94,0.95,excellent
radiomics-3d,original_glrlm_LowGrayLevelRunEmphasis,0.8487486004386812,0.83,0.87,good
radiomics-3d,original_glrlm_RunEntropy,0.9614928213155348,0.96,0.97,excellent
radiomics-3d,original_glrlm_RunLengthNonUniformity,0.8914119037921606,0.88,0.91,good
radiomics-3d,original_glrlm_RunLengthNonUniformityNormalized,0.9768617080416488,0.97,0.98,excellent
radiomics-3d,original_glrlm_RunPercentage,0.980590437525183,0.98,0.98,excellent
radiomics-3d,original_glrlm_RunVariance,0.9537808225673352,0.95,0.96,excellent
radiomics-3d,original_glrlm_ShortRunEmphasis,0.9774098818445284,0.97,0.98,excellent
radiomics-3d,original_glrlm_ShortRunHighGrayLevelEmphasis,0.9500795974220256,0.94,0.96,excellent
radiomics-3d,original_glrlm_ShortRunLowGrayLevelEmphasis,0.824890985157995,0.8,0.85,good
radiomics-3d,original_glszm_GrayLevelNonUniformity,0.9177434564471544,0.91,0.93,good
radiomics-3d,original_glszm_GrayLevelNonUniformityNormalized,0.9167605013600552,0.9,0.93,excellent
radiomics-3d,original_glszm_GrayLevelVariance,0.939230304866085,0.93,0.95,excellent
radiomics-3d,original_glszm_HighGrayLevelZoneEmphasis,0.9467360286330916,0.94,0.95,excellent
radiomics-3d,original_glszm_LargeAreaEmphasis,0.927029083504124,0.92,0.94,excellent
radiomics-3d,original_glszm_LargeAreaHighGrayLevelEmphasis,0.457541808361085,0.42,0.5,poor
radiomics-3d,original_glszm_LargeAreaLowGrayLevelEmphasis,0.9275677803032591,0.92,0.94,excellent
radiomics-3d,original_glszm_LowGrayLevelZoneEmphasis,0.8452968508911218,0.82,0.87,good
radiomics-3d,original_glszm_SizeZoneNonUniformity,0.8937813562043273,0.88,0.91,good
radiomics-3d,original_glszm_SizeZoneNonUniformityNormalized,0.8686480116742383,0.85,0.89,good
radiomics-3d,original_glszm_SmallAreaEmphasis,0.86291005886366,0.84,0.88,good
radiomics-3d,original_glszm_SmallAreaHighGrayLevelEmphasis,0.955503962900568,0.95,0.96,excellent
radiomics-3d,original_glszm_SmallAreaLowGrayLevelEmphasis,0.7459886532688051,0.72,0.78,moderate
radiomics-3d,original_glszm_ZoneEntropy,0.9509573559660002,0.94,0.96,good
radiomics-3d,original_glszm_ZonePercentage,0.9557179775243924,0.95,0.96,excellent
radiomics-3d,original_glszm_ZoneVariance,0.923467407912336,0.91,0.93,excellent
radiomics-3d,original_ngtdm_Busyness,0.8311896892007965,0.81,0.85,good
radiomics-3d,original_ngtdm_Coarseness,0.7048091150734681,0.67,0.74,moderate
radiomics-3d,original_ngtdm_Complexity,0.963654535219186,0.96,0.97,excellent
radiomics-3d,original_ngtdm_Contrast,0.7708187963681077,0.74,0.8,good
radiomics-3d,original_ngtdm_Strength,0.842605495830693,0.82,0.86,good
radiomics-2d,original_shape2D_Elongation,0.7603809083905554,0.73,0.79,moderate
radiomics-2d,original_shape2D_MajorAxisLength,0.9702384853596556,0.97,0.97,excellent
radiomics-2d,original_shape2D_MaximumDiameter,0.9686806023628088,0.96,0.97,excellent
radiomics-2d,original_shape2D_MeshSurface,0.9581408599274528,0.95,0.96,excellent
radiomics-2d,original_shape2D_MinorAxisLength,0.9745204730418202,0.97,0.98,excellent
radiomics-2d,original_shape2D_Perimeter,0.9571363027035018,0.95,0.96,excellent
radiomics-2d,original_shape2D_PerimeterSurfaceRatio,0.8994192506873648,0.88,0.91,good
radiomics-2d,original_shape2D_PixelSurface,0.9581841529690271,0.95,0.96,excellent
radiomics-2d,original_shape2D_Sphericity,0.7738525177883593,0.75,0.8,moderate
radiomics-2d,original_firstorder_10Percentile,0.9834289906844192,0.98,0.99,excellent
radiomics-2d,original_firstorder_90Percentile,0.9780482697293535,0.97,0.98,excellent
radiomics-2d,original_firstorder_Energy,0.9475231434463376,0.94,0.96,excellent
radiomics-2d,original_firstorder_Entropy,0.961453643550701,0.96,0.97,excellent
radiomics-2d,original_firstorder_InterquartileRange,0.9192896218711568,0.91,0.93,excellent
radiomics-2d,original_firstorder_Kurtosis,0.7330777744214981,0.7,0.76,moderate
radiomics-2d,original_firstorder_Maximum,0.9508012429420772,0.94,0.96,excellent
radiomics-2d,original_firstorder_MeanAbsoluteDeviation,0.9498358980432604,0.94,0.96,excellent
radiomics-2d,original_firstorder_Mean,0.9934345153025872,0.99,0.99,excellent
radiomics-2d,original_firstorder_Median,0.9870080664781268,0.98,0.99,excellent
radiomics-2d,original_firstorder_Minimum,0.9783281706546548,0.97,0.98,excellent
radiomics-2d,original_firstorder_Range,0.9344078001313976,0.92,0.94,excellent
radiomics-2d,original_firstorder_RobustMeanAbsoluteDeviation,0.942519742254876,0.93,0.95,excellent
radiomics-2d,original_firstorder_RootMeanSquared,0.9924755110716938,0.99,0.99,excellent
radiomics-2d,original_firstorder_Skewness,0.8082312350979464,0.78,0.83,good
radiomics-2d,original_firstorder_TotalEnergy,0.9535358348872366,0.95,0.96,excellent
radiomics-2d,original_firstorder_Uniformity,0.9465068200788525,0.94,0.95,excellent
radiomics-2d,original_firstorder_Variance,0.9363545183809926,0.93,0.95,excellent
radiomics-2d,original_glcm_Autocorrelation,0.9218098375107758,0.91,0.93,excellent
radiomics-2d,original_glcm_ClusterProminence,0.8064705003686004,0.78,0.83,good
radiomics-2d,original_glcm_ClusterShade,0.7988432553364968,0.77,0.82,good
radiomics-2d,original_glcm_ClusterTendency,0.9355570793438222,0.93,0.94,excellent
radiomics-2d,original_glcm_Contrast,0.913798396400032,0.9,0.93,excellent
radiomics-2d,original_glcm_Correlation,0.905799420929808,0.89,0.92,good
radiomics-2d,original_glcm_DifferenceAverage,0.9509658143146792,0.94,0.96,excellent
radiomics-2d,original_glcm_DifferenceEntropy,0.9595047119498906,0.95,0.97,excellent
radiomics-2d,original_glcm_DifferenceVariance,0.8892226356099034,0.87,0.9,good
radiomics-2d,original_glcm_Id,0.9611812229738192,0.96,0.97,excellent
radiomics-2d,original_glcm_Idm,0.9613133547913172,0.96,0.97,excellent
radiomics-2d,original_glcm_Idmn,0.8279826358371667,0.8,0.85,good
radiomics-2d,original_glcm_Idn,0.8808201414415666,0.86,0.9,good
radiomics-2d,original_glcm_Imc1,0.8972151777707884,0.88,0.91,good
radiomics-2d,original_glcm_Imc2,0.9052491082062274,0.89,0.92,excellent
radiomics-2d,original_glcm_InverseVariance,0.9142615162234414,0.9,0.93,excellent
radiomics-2d,original_glcm_JointAverage,0.9280975572300192,0.92,0.94,excellent
radiomics-2d,original_glcm_JointEnergy,0.937578712204147,0.93,0.95,excellent
radiomics-2d,original_glcm_JointEntropy,0.9629089530738472,0.96,0.97,excellent
radiomics-2d,original_glcm_MCC,0.8512779775612752,0.83,0.87,good
radiomics-2d,original_glcm_MaximumProbability,0.9264403402392593,0.92,0.94,excellent
radiomics-2d,original_glcm_SumAverage,0.9280975572300192,0.92,0.94,excellent
radiomics-2d,original_glcm_SumEntropy,0.9566350857361778,0.95,0.96,excellent
radiomics-2d,original_glcm_SumSquares,0.9378953246328574,0.93,0.95,excellent
radiomics-2d,original_gldm_DependenceEntropy,0.9466681858371838,0.94,0.95,excellent
radiomics-2d,original_gldm_DependenceNonUniformity,0.9518512255600624,0.94,0.96,excellent
radiomics-2d,original_gldm_DependenceNonUniformityNormalized,0.8990801874160139,0.88,0.91,good
radiomics-2d,original_gldm_DependenceVariance,0.8991433226976304,0.88,0.91,good
radiomics-2d,original_gldm_GrayLevelNonUniformity,0.9595643327067545,0.95,0.97,excellent
radiomics-2d,original_gldm_GrayLevelVariance,0.9364599917161862,0.93,0.95,excellent
radiomics-2d,original_gldm_HighGrayLevelEmphasis,0.9243026178221024,0.91,0.93,excellent
radiomics-2d,original_gldm_LargeDependenceEmphasis,0.9551814419567624,0.95,0.96,excellent
radiomics-2d,original_gldm_LargeDependenceHighGrayLevelEmphasis,0.926031748636332,0.91,0.94,excellent
radiomics-2d,original_gldm_LargeDependenceLowGrayLevelEmphasis,0.767390275480148,0.74,0.8,good
radiomics-2d,original_gldm_LowGrayLevelEmphasis,0.7848954145268796,0.76,0.81,good
radiomics-2d,original_gldm_SmallDependenceEmphasis,0.9372098437471138,0.93,0.95,excellent
radiomics-2d,original_gldm_SmallDependenceHighGrayLevelEmphasis,0.9229905342773592,0.91,0.93,excellent
radiomics-2d,original_gldm_SmallDependenceLowGrayLevelEmphasis,0.7636048093218982,0.73,0.79,moderate
radiomics-2d,original_glrlm_GrayLevelNonUniformity,0.9620842770564364,0.96,0.97,excellent
radiomics-2d,original_glrlm_GrayLevelNonUniformityNormalized,0.9426182185641212,0.93,0.95,excellent
radiomics-2d,original_glrlm_GrayLevelVariance,0.933418347270036,0.92,0.94,excellent
radiomics-2d,original_glrlm_HighGrayLevelRunEmphasis,0.9251522765688024,0.91,0.94,excellent
radiomics-2d,original_glrlm_LongRunEmphasis,0.9575404119628768,0.95,0.96,excellent
radiomics-2d,original_glrlm_LongRunHighGrayLevelEmphasis,0.9323742610303678,0.92,0.94,excellent
radiomics-2d,original_glrlm_LongRunLowGrayLevelEmphasis,0.7204369810229664,0.69,0.75,moderate
radiomics-2d,original_glrlm_LowGrayLevelRunEmphasis,0.8075928189268476,0.78,0.83,good
radiomics-2d,original_glrlm_RunEntropy,0.9555761707217058,0.95,0.96,excellent
radiomics-2d,original_glrlm_RunLengthNonUniformity,0.953340618213815,0.95,0.96,excellent
radiomics-2d,original_glrlm_RunLengthNonUniformityNormalized,0.9443359394697924,0.94,0.95,excellent
radiomics-2d,original_glrlm_RunPercentage,0.9563545082218932,0.95,0.96,excellent
radiomics-2d,original_glrlm_RunVariance,0.904362298132874,0.89,0.92,excellent
radiomics-2d,original_glrlm_ShortRunEmphasis,0.9451447382890656,0.94,0.95,excellent
radiomics-2d,original_glrlm_ShortRunHighGrayLevelEmphasis,0.9257643287204262,0.91,0.94,excellent
radiomics-2d,original_glrlm_ShortRunLowGrayLevelEmphasis,0.8173792509062789,0.79,0.84,good
radiomics-2d,original_glszm_GrayLevelNonUniformity,0.9412143718095568,0.93,0.95,excellent
radiomics-2d,original_glszm_GrayLevelNonUniformityNormalized,0.8853722255842771,0.87,0.9,good
radiomics-2d,original_glszm_GrayLevelVariance,0.9226312730700188,0.91,0.93,excellent
radiomics-2d,original_glszm_HighGrayLevelZoneEmphasis,0.925878008361813,0.91,0.94,excellent
radiomics-2d,original_glszm_LargeAreaEmphasis,0.9252788707226928,0.91,0.94,excellent
radiomics-2d,original_glszm_LargeAreaHighGrayLevelEmphasis,0.8845813060420432,0.87,0.9,good
radiomics-2d,original_glszm_LargeAreaLowGrayLevelEmphasis,0.6379643339658201,0.6,0.68,moderate
radiomics-2d,original_glszm_LowGrayLevelZoneEmphasis,0.8547465024998692,0.83,0.87,good
radiomics-2d,original_glszm_SizeZoneNonUniformity,0.942065154072128,0.93,0.95,excellent
radiomics-2d,original_glszm_SizeZoneNonUniformityNormalized,0.832038972792295,0.81,0.85,good
radiomics-2d,original_glszm_SmallAreaEmphasis,0.8215220855477413,0.8,0.84,good
radiomics-2d,original_glszm_SmallAreaHighGrayLevelEmphasis,0.9231604225351506,0.91,0.93,excellent
radiomics-2d,original_glszm_SmallAreaLowGrayLevelEmphasis,0.6925222151152755,0.66,0.73,moderate
radiomics-2d,original_glszm_ZoneEntropy,0.9513847589408884,0.94,0.96,excellent
radiomics-2d,original_glszm_ZonePercentage,0.9478510151697604,0.94,0.96,excellent
radiomics-2d,original_glszm_ZoneVariance,0.8767884678945097,0.86,0.89,good
radiomics-2d,original_ngtdm_Busyness,0.549858415395708,0.51,0.59,moderate
radiomics-2d,original_ngtdm_Coarseness,0.333334444244315,0.29,0.38,poor
radiomics-2d,original_ngtdm_Complexity,0.9139246525831392,0.9,0.93,excellent
radiomics-2d,original_ngtdm_Contrast,0.7874487704501134,0.76,0.81,good
radiomics-2d,original_ngtdm_Strength,0.8918984810908182,0.88,0.91,good
biomedclip,d0000,0.7983193849759473,0.77,0.82,good
biomedclip,d0001,0.7901280472860466,0.76,0.82,good
biomedclip,d0002,0.8296720176171515,0.81,0.85,good
biomedclip,d0003,0.828916783247469,0.81,0.85,good
biomedclip,d0004,0.8127115620338518,0.79,0.84,good
biomedclip,d0005,0.8479984685918812,0.83,0.87,good
biomedclip,d0006,0.7570048136054895,0.73,0.79,good
biomedclip,d0007,0.8220341224847647,0.8,0.84,good
biomedclip,d0008,0.7840635280592314,0.76,0.81,good
biomedclip,d0009,0.8357337531785356,0.81,0.86,good
biomedclip,d0010,0.805307028121669,0.78,0.83,good
biomedclip,d0011,0.8578057638416069,0.84,0.88,good
biomedclip,d0012,0.7763971202392825,0.75,0.8,good
biomedclip,d0013,0.8084154857629147,0.78,0.83,good
biomedclip,d0014,0.7893239185020727,0.76,0.82,good
biomedclip,d0015,0.8823640742717014,0.87,0.9,good
biomedclip,d0016,0.7707970070368437,0.74,0.8,good
biomedclip,d0017,0.7878503055929108,0.76,0.81,good
biomedclip,d0018,0.7931209921786402,0.77,0.82,good
biomedclip,d0019,0.7702020088319614,0.74,0.8,good
biomedclip,d0020,0.7569863968439889,0.73,0.79,good
biomedclip,d0021,0.8414935332577244,0.82,0.86,good
biomedclip,d0022,0.8387973212858153,0.82,0.86,good
biomedclip,d0023,0.7360623595323136,0.7,0.77,moderate
biomedclip,d0024,0.8584432611725974,0.84,0.88,good
biomedclip,d0025,0.8084501508084768,0.78,0.83,good
biomedclip,d0026,0.8004934399485645,0.77,0.83,good
biomedclip,d0027,0.7581913042757018,0.73,0.79,good
biomedclip,d0028,0.8213972628505385,0.8,0.84,good
biomedclip,d0029,0.7767491205572834,0.75,0.8,good
biomedclip,d0030,0.7527126629536347,0.72,0.78,good
biomedclip,d0031,0.7772112264258906,0.75,0.8,good
biomedclip,d0032,0.8751921250052312,0.86,0.89,good
biomedclip,d0033,0.8289292676195015,0.81,0.85,good
biomedclip,d0034,0.7605608896391365,0.73,0.79,good
biomedclip,d0035,0.8009088728754129,0.78,0.83,good
biomedclip,d0036,0.8375832757177405,0.82,0.86,good
biomedclip,d0037,0.7650721675430106,0.74,0.79,good
biomedclip,d0038,0.8410150161214575,0.82,0.86,good
biomedclip,d0039,0.821538805682469,0.8,0.84,good
biomedclip,d0040,0.8761875497983584,0.86,0.89,good
biomedclip,d0041,0.7875108275621125,0.76,0.81,good
biomedclip,d0042,0.795061487568085,0.77,0.82,good
biomedclip,d0043,0.8061067608596716,0.78,0.83,good
biomedclip,d0044,0.8604776748984847,0.84,0.88,good
biomedclip,d0045,0.842522691606164,0.82,0.86,good
biomedclip,d0046,0.8534905880903083,0.83,0.87,good
biomedclip,d0047,0.8260332446380442,0.8,0.85,good
biomedclip,d0048,0.7583556483242497,0.73,0.79,good
biomedclip,d0049,0.7654878909618165,0.74,0.79,good
biomedclip,d0050,0.7918690452665866,0.77,0.82,good
biomedclip,d0051,0.8220699507534902,0.8,0.84,good
biomedclip,d0052,0.7454050538109381,0.71,0.78,moderate
biomedclip,d0053,0.7634468424490295,0.73,0.79,good
biomedclip,d0054,0.7705181712617364,0.74,0.8,good
biomedclip,d0055,0.8026256410094903,0.78,0.83,good
biomedclip,d0056,0.822477874929141,0.8,0.85,good
biomedclip,d0057,0.7974228802980428,0.77,0.82,good
biomedclip,d0058,0.7777987627666313,0.75,0.81,good
biomedclip,d0059,0.7693174831119932,0.74,0.8,good
biomedclip,d0060,0.7558724150866181,0.73,0.79,good
biomedclip,d0061,0.7924529452280736,0.77,0.82,good
biomedclip,d0062,0.851322282411757,0.83,0.87,good
biomedclip,d0063,0.8349486338369044,0.81,0.86,good
biomedclip,d0064,0.829476247603653,0.81,0.85,good
biomedclip,d0065,0.7740156417468879,0.75,0.8,good
biomedclip,d0066,0.7714601674722632,0.74,0.8,good
biomedclip,d0067,0.749744471714739,0.72,0.78,moderate
biomedclip,d0068,0.8002402434138506,0.77,0.83,good
biomedclip,d0069,0.8400263305886874,0.82,0.86,good
biomedclip,d0070,0.7953575669146167,0.77,0.82,good
biomedclip,d0071,0.821206563936465,0.8,0.84,good
biomedclip,d0072,0.7877830250769843,0.76,0.81,good
biomedclip,d0073,0.8280787587303167,0.8,0.85,good
biomedclip,d0074,0.7890693755788413,0.76,0.82,good
biomedclip,d0075,0.8768829974653035,0.86,0.89,good
biomedclip,d0076,0.8330908466676442,0.81,0.85,good
biomedclip,d0077,0.7760598386513593,0.75,0.8,good
biomedclip,d0078,0.7783378888499167,0.75,0.81,good
biomedclip,d0079,0.8347782941553222,0.81,0.86,good
biomedclip,d0080,0.8090653829784483,0.78,0.83,good
biomedclip,d0081,0.790172022951064,0.76,0.82,good
biomedclip,d0082,0.8033959063064048,0.78,0.83,good
biomedclip,d0083,0.8400261166660966,0.82,0.86,good
biomedclip,d0084,0.7941211336167548,0.77,0.82,good
biomedclip,d0085,0.8268835345357328,0.8,0.85,good
biomedclip,d0086,0.8641789039919575,0.85,0.88,good
biomedclip,d0087,0.7594813098161088,0.73,0.79,good
biomedclip,d0088,0.8417481715570393,0.82,0.86,good
biomedclip,d0089,0.7687798807061988,0.74,0.8,good
biomedclip,d0090,0.8885221248683047,0.87,0.9,good
biomedclip,d0091,0.7126805554065031,0.68,0.75,moderate
biomedclip,d0092,0.7542568354241721,0.72,0.78,good
biomedclip,d0093,0.8872782150771867,0.87,0.9,good
biomedclip,d0094,0.7406644994665427,0.71,0.77,moderate
biomedclip,d0095,0.7509704622495169,0.72,0.78,good
biomedclip,d0096,0.823632353688879,0.8,0.85,good
biomedclip,d0097,0.7943759905850182,0.77,0.82,good
biomedclip,d0098,0.8921479286573822,0.88,0.91,good
biomedclip,d0099,0.7861892959545901,0.76,0.81,good
biomedclip,d0100,0.8311703753209468,0.81,0.85,good
biomedclip,d0101,0.8997345147657918,0.89,0.91,good
biomedclip,d0102,0.762322939126847,0.73,0.79,good
biomedclip,d0103,0.7701811240504037,0.74,0.8,good
biomedclip,d0104,0.7448499693215621,0.71,0.78,moderate
biomedclip,d0105,0.823085496812201,0.8,0.85,good
biomedclip,d0106,0.778215377889361,0.75,0.81,good
biomedclip,d0107,0.8590416975116542,0.84,0.88,good
biomedclip,d0108,0.8197201300220583,0.8,0.84,good
biomedclip,d0109,0.7157750469556565,0.68,0.75,moderate
biomedclip,d0110,0.8315847263523952,0.81,0.85,good
biomedclip,d0111,0.7510098489535001,0.72,0.78,moderate
biomedclip,d0112,0.8233769711943482,0.8,0.85,good
biomedclip,d0113,0.7924096853898467,0.77,0.82,good
biomedclip,d0114,0.8167124962491031,0.79,0.84,good
biomedclip,d0115,0.8492304217363077,0.83,0.87,good
biomedclip,d0116,0.7954458733082441,0.77,0.82,good
biomedclip,d0117,0.8007629017094534,0.77,0.83,good
biomedclip,d0118,0.7421010540624414,0.71,0.77,moderate
biomedclip,d0119,0.7912826997375131,0.76,0.82,good
biomedclip,d0120,0.8580630212279001,0.84,0.88,good
biomedclip,d0121,0.821975411035275,0.8,0.84,good
biomedclip,d0122,0.8354698031652601,0.81,0.86,good
biomedclip,d0123,0.7985349567577412,0.77,0.82,good
biomedclip,d0124,0.8529722139936388,0.83,0.87,good
biomedclip,d0125,0.7467759851464574,0.72,0.78,moderate
biomedclip,d0126,0.805768104520455,0.78,0.83,good
biomedclip,d0127,0.7747895205349589,0.75,0.8,good
biomedclip,d0128,0.8108130267842203,0.79,0.83,good
biomedclip,d0129,0.901424562779002,0.89,0.91,good
biomedclip,d0130,0.8065789763164262,0.78,0.83,good
biomedclip,d0131,0.8245550309936004,0.8,0.85,good
biomedclip,d0132,0.8113018558475221,0.79,0.84,good
biomedclip,d0133,0.7543744520035459,0.72,0.78,good
biomedclip,d0134,0.813493953047322,0.79,0.84,good
biomedclip,d0135,0.8407595460256828,0.82,0.86,good
biomedclip,d0136,0.7338486351156394,0.7,0.77,moderate
biomedclip,d0137,0.7677665002714643,0.74,0.8,good
biomedclip,d0138,0.7403339477317041,0.71,0.77,moderate
biomedclip,d0139,0.7923674470313425,0.77,0.82,good
biomedclip,d0140,0.9099905827656084,0.9,0.92,good
biomedclip,d0141,0.7795427316869807,0.75,0.81,good
biomedclip,d0142,0.8089517891999402,0.78,0.83,good
biomedclip,d0143,0.7897255821202438,0.76,0.82,good
biomedclip,d0144,0.8326044132796704,0.81,0.85,good
biomedclip,d0145,0.7829422513424952,0.76,0.81,good
biomedclip,d0146,0.7799778913705417,0.75,0.81,good
biomedclip,d0147,0.7952006167173025,0.77,0.82,good
biomedclip,d0148,0.8099446710423419,0.78,0.83,good
biomedclip,d0149,0.7822534453044712,0.75,0.81,good
biomedclip,d0150,0.8108465641288729,0.79,0.83,good
biomedclip,d0151,0.8245804323659524,0.8,0.85,good
biomedclip,d0152,0.8531419713748143,0.83,0.87,good
biomedclip,d0153,0.8002025622756046,0.77,0.83,good
biomedclip,d0154,0.8756523320637866,0.86,0.89,good
biomedclip,d0155,0.8042098822958444,0.78,0.83,good
biomedclip,d0156,0.8440728124237564,0.82,0.86,good
biomedclip,d0157,0.7782147117890654,0.75,0.81,good
biomedclip,d0158,0.8101061341870107,0.79,0.83,good
biomedclip,d0159,0.7648885174291454,0.74,0.79,good
biomedclip,d0160,0.7669225296786554,0.74,0.8,good
biomedclip,d0161,0.872505080111128,0.85,0.89,good
biomedclip,d0162,0.7203519223344876,0.69,0.75,moderate
biomedclip,d0163,0.7846850917790407,0.76,0.81,good
biomedclip,d0164,0.873037648197075,0.86,0.89,good
biomedclip,d0165,0.8585697943486835,0.84,0.88,good
biomedclip,d0166,0.8567407441548377,0.84,0.88,good
biomedclip,d0167,0.8489968461288455,0.83,0.87,good
biomedclip,d0168,0.8013470765548495,0.78,0.83,good
biomedclip,d0169,0.8438080577623157,0.82,0.86,good
biomedclip,d0170,0.8067459562761122,0.78,0.83,good
biomedclip,d0171,0.769060362452879,0.74,0.8,good
biomedclip,d0172,0.8175104549273555,0.79,0.84,good
biomedclip,d0173,0.7972748731467767,0.77,0.82,good
biomedclip,d0174,0.7733756820463281,0.74,0.8,good
biomedclip,d0175,0.7843925280720729,0.76,0.81,good
biomedclip,d0176,0.7842450948621782,0.76,0.81,good
biomedclip,d0177,0.6980532756689273,0.66,0.73,moderate
biomedclip,d0178,0.7618785819583836,0.73,0.79,good
biomedclip,d0179,0.7962663945646978,0.77,0.82,good
biomedclip,d0180,0.7838622396837756,0.76,0.81,good
biomedclip,d0181,0.8067084243016116,0.78,0.83,good
biomedclip,d0182,0.7380090391166504,0.71,0.77,moderate
biomedclip,d0183,0.8396102325051913,0.82,0.86,good
biomedclip,d0184,0.8110532273726099,0.79,0.83,good
biomedclip,d0185,0.7469957423984125,0.72,0.78,moderate
biomedclip,d0186,0.8258011556802225,0.8,0.85,good
biomedclip,d0187,0.8610080765062402,0.84,0.88,good
biomedclip,d0188,0.7394616494764937,0.71,0.77,moderate
biomedclip,d0189,0.7933913507656102,0.77,0.82,good
biomedclip,d0190,0.8540525279228611,0.83,0.87,good
biomedclip,d0191,0.796050169630747,0.77,0.82,good
biomedclip,d0192,0.9032755994172234,0.89,0.92,good
biomedclip,d0193,0.9171077848669628,0.9,0.93,excellent
biomedclip,d0194,0.7602402877033865,0.73,0.79,good
biomedclip,d0195,0.7903891930618712,0.76,0.82,good
biomedclip,d0196,0.8492572379251472,0.83,0.87,good
biomedclip,d0197,0.8687219426035411,0.85,0.89,good
biomedclip,d0198,0.8825538588601161,0.87,0.9,good
biomedclip,d0199,0.8123221585740341,0.79,0.84,good
biomedclip,d0200,0.7545559916583253,0.72,0.78,good
biomedclip,d0201,0.7485091066125682,0.72,0.78,moderate
biomedclip,d0202,0.7547950752156999,0.72,0.78,good
biomedclip,d0203,0.7522948043007205,0.72,0.78,good
biomedclip,d0204,0.8063931487935806,0.78,0.83,good
biomedclip,d0205,0.7378314474453824,0.71,0.77,moderate
biomedclip,d0206,0.8282077263556018,0.81,0.85,good
biomedclip,d0207,0.8600684809091154,0.84,0.88,good
biomedclip,d0208,0.8419837978538426,0.82,0.86,good
biomedclip,d0209,0.8538278567983867,0.83,0.87,good
biomedclip,d0210,0.8518490646367973,0.83,0.87,good
biomedclip,d0211,0.8201035598004137,0.8,0.84,good
biomedclip,d0212,0.8803490200235426,0.86,0.9,good
biomedclip,d0213,0.8043741188814885,0.78,0.83,good
biomedclip,d0214,0.8779188287688756,0.86,0.89,good
biomedclip,d0215,0.7324445445815295,0.7,0.76,moderate
biomedclip,d0216,0.8363075947729006,0.81,0.86,good
biomedclip,d0217,0.8050170657145506,0.78,0.83,good
biomedclip,d0218,0.8559500957405864,0.84,0.87,good
biomedclip,d0219,0.855114029183918,0.84,0.87,good
biomedclip,d0220,0.7756930204171503,0.75,0.8,good
biomedclip,d0221,0.7932439921115874,0.77,0.82,good
biomedclip,d0222,0.7941341240560321,0.77,0.82,good
biomedclip,d0223,0.8740379573792978,0.86,0.89,good
biomedclip,d0224,0.7455022952832401,0.71,0.78,moderate
biomedclip,d0225,0.7499308493395609,0.72,0.78,moderate
biomedclip,d0226,0.8995639999674488,0.88,0.91,good
biomedclip,d0227,0.7892334347917837,0.76,0.82,good
biomedclip,d0228,0.8794992857854776,0.86,0.9,good
biomedclip,d0229,0.8011688856093954,0.78,0.83,good
biomedclip,d0230,0.8485734447077543,0.83,0.87,good
biomedclip,d0231,0.7491012878212905,0.72,0.78,moderate
biomedclip,d0232,0.901394817929742,0.89,0.91,good
biomedclip,d0233,0.8730083521245731,0.86,0.89,good
biomedclip,d0234,0.7446385284018124,0.71,0.77,moderate
biomedclip,d0235,0.7817747233561458,0.75,0.81,good
biomedclip,d0236,0.8172806443123167,0.79,0.84,good
biomedclip,d0237,0.8749896749126691,0.86,0.89,good
biomedclip,d0238,0.8091751261469649,0.78,0.83,good
biomedclip,d0239,0.8301204689097187,0.81,0.85,good
biomedclip,d0240,0.893555376733682,0.88,0.91,good
biomedclip,d0241,0.8803406994810873,0.86,0.9,good
biomedclip,d0242,0.8460888309117591,0.82,0.87,good
biomedclip,d0243,0.8776579330988394,0.86,0.89,good
biomedclip,d0244,0.8253874701082603,0.8,0.85,good
biomedclip,d0245,0.7424443626822226,0.71,0.77,moderate
biomedclip,d0246,0.857739583440432,0.84,0.88,good
biomedclip,d0247,0.8029345937607995,0.78,0.83,good
biomedclip,d0248,0.8582208568984403,0.84,0.88,good
biomedclip,d0249,0.8954163353853447,0.88,0.91,good
biomedclip,d0250,0.7999789116343565,0.77,0.83,good
biomedclip,d0251,0.8070989439084927,0.78,0.83,good
biomedclip,d0252,0.870884942280372,0.85,0.89,good
biomedclip,d0253,0.8013827964067999,0.78,0.83,good
biomedclip,d0254,0.8454026733632973,0.82,0.87,good
biomedclip,d0255,0.8307430688811054,0.81,0.85,good
biomedclip,d0256,0.7721517520157032,0.74,0.8,good
biomedclip,d0257,0.8270473987393032,0.8,0.85,good
biomedclip,d0258,0.7517523665162933,0.72,0.78,good
biomedclip,d0259,0.8393127422805898,0.82,0.86,good
biomedclip,d0260,0.7570561210803415,0.73,0.79,good
biomedclip,d0261,0.8095118814774713,0.78,0.83,good
biomedclip,d0262,0.8203467822912784,0.8,0.84,good
biomedclip,d0263,0.8202152195882801,0.8,0.84,good
biomedclip,d0264,0.8991430592332417,0.88,0.91,good
biomedclip,d0265,0.8333773804343284,0.81,0.85,good
biomedclip,d0266,0.8660149518237961,0.85,0.88,good
biomedclip,d0267,0.7844782374811501,0.76,0.81,good
biomedclip,d0268,0.8083915134385253,0.78,0.83,good
biomedclip,d0269,0.7753091722843702,0.75,0.8,good
biomedclip,d0270,0.7318898902284264,0.7,0.76,moderate
biomedclip,d0271,0.7986332813960965,0.77,0.82,good
biomedclip,d0272,0.8325780902801216,0.81,0.85,good
biomedclip,d0273,0.8244575238924423,0.8,0.85,good
biomedclip,d0274,0.8371655239073268,0.82,0.86,good
biomedclip,d0275,0.8813960762543036,0.86,0.9,good
biomedclip,d0276,0.8552098815662352,0.84,0.87,good
biomedclip,d0277,0.7665954400972215,0.74,0.79,good
biomedclip,d0278,0.8080463014468947,0.78,0.83,good
biomedclip,d0279,0.837608490980863,0.82,0.86,good
biomedclip,d0280,0.7821959807198218,0.75,0.81,good
biomedclip,d0281,0.7695253122873796,0.74,0.8,good
biomedclip,d0282,0.7830179633796103,0.76,0.81,good
biomedclip,d0283,0.7779428244261898,0.75,0.81,good
biomedclip,d0284,0.7928867305161605,0.77,0.82,good
biomedclip,d0285,0.8539210333821105,0.83,0.87,good
biomedclip,d0286,0.8457868074323664,0.82,0.87,good
biomedclip,d0287,0.7131500479380484,0.68,0.75,moderate
biomedclip,d0288,0.8390272241832866,0.82,0.86,good
biomedclip,d0289,0.8227426581941478,0.8,0.85,good
biomedclip,d0290,0.7037089819678444,0.67,0.74,moderate
biomedclip,d0291,0.809168343769093,0.78,0.83,good
biomedclip,d0292,0.7766930267764588,0.75,0.8,good
biomedclip,d0293,0.816586201421571,0.79,0.84,good
biomedclip,d0294,0.9102838936239792,0.9,0.92,good
biomedclip,d0295,0.8613871992031609,0.84,0.88,good
biomedclip,d0296,0.8606078373846495,0.84,0.88,good
biomedclip,d0297,0.7971852953031441,0.77,0.82,good
biomedclip,d0298,0.7369715500558627,0.71,0.77,moderate
biomedclip,d0299,0.8662750500735726,0.85,0.88,good
biomedclip,d0300,0.8047907887152168,0.78,0.83,good
biomedclip,d0301,0.7828825495776487,0.76,0.81,good
biomedclip,d0302,0.7946870292696678,0.77,0.82,good
biomedclip,d0303,0.7640667876620265,0.73,0.79,good
biomedclip,d0304,0.769120014878976,0.74,0.8,good
biomedclip,d0305,0.8730135301397837,0.86,0.89,good
biomedclip,d0306,0.7456024780621099,0.71,0.78,moderate
biomedclip,d0307,0.7513853900783956,0.72,0.78,good
biomedclip,d0308,0.8293375742823617,0.81,0.85,good
biomedclip,d0309,0.8562987266595634,0.84,0.88,good
biomedclip,d0310,0.7872694665795453,0.76,0.81,good
biomedclip,d0311,0.7774400183124484,0.75,0.8,good
biomedclip,d0312,0.8278635738226315,0.8,0.85,good
biomedclip,d0313,0.770424702687285,0.74,0.8,good
biomedclip,d0314,0.7747750935090357,0.75,0.8,good
biomedclip,d0315,0.7838732540164659,0.76,0.81,good
biomedclip,d0316,0.8898577003266779,0.87,0.9,good
biomedclip,d0317,0.8254454498273138,0.8,0.85,good
biomedclip,d0318,0.7930296090182856,0.77,0.82,good
biomedclip,d0319,0.8576472526403476,0.84,0.88,good
biomedclip,d0320,0.7850217255630665,0.76,0.81,good
biomedclip,d0321,0.8150301051389792,0.79,0.84,good
biomedclip,d0322,0.7740340554549117,0.75,0.8,good
biomedclip,d0323,0.8387283729778179,0.82,0.86,good
biomedclip,d0324,0.7948737765845337,0.77,0.82,good
biomedclip,d0325,0.81582757631875,0.79,0.84,good
biomedclip,d0326,0.8574866948834944,0.84,0.88,good
biomedclip,d0327,0.7660823301039426,0.74,0.79,good
biomedclip,d0328,0.8202698463121985,0.8,0.84,good
biomedclip,d0329,0.7354784306616603,0.7,0.77,moderate
biomedclip,d0330,0.8440064662489059,0.82,0.86,good
biomedclip,d0331,0.8079273015009331,0.78,0.83,good
biomedclip,d0332,0.8353416570445484,0.81,0.86,good
biomedclip,d0333,0.8500729271384566,0.83,0.87,good
biomedclip,d0334,0.7525945799543845,0.72,0.78,moderate
biomedclip,d0335,0.7458768768649234,0.72,0.78,moderate
biomedclip,d0336,0.7624063169227463,0.73,0.79,good
biomedclip,d0337,0.7494988118282493,0.72,0.78,moderate
biomedclip,d0338,0.8513873243195689,0.83,0.87,good
biomedclip,d0339,0.7601928554990788,0.73,0.79,good
biomedclip,d0340,0.8072965024673379,0.78,0.83,good
biomedclip,d0341,0.8031555120526743,0.78,0.83,good
biomedclip,d0342,0.8165913259377248,0.79,0.84,good
biomedclip,d0343,0.8598556701403968,0.84,0.88,good
biomedclip,d0344,0.8105042532945946,0.79,0.83,good
biomedclip,d0345,0.871293271999502,0.85,0.89,good
biomedclip,d0346,0.8480769489353451,0.83,0.87,good
biomedclip,d0347,0.7741871173477508,0.75,0.8,good
biomedclip,d0348,0.8917606606486149,0.88,0.91,good
biomedclip,d0349,0.8133365218751031,0.79,0.84,good
biomedclip,d0350,0.8054030514224678,0.78,0.83,good
biomedclip,d0351,0.7304172657155644,0.7,0.76,moderate
biomedclip,d0352,0.81376888697492,0.79,0.84,good
biomedclip,d0353,0.7495803032366732,0.72,0.78,moderate
biomedclip,d0354,0.754826682690313,0.72,0.78,good
biomedclip,d0355,0.7825222447531283,0.75,0.81,good
biomedclip,d0356,0.8103689880911956,0.79,0.83,good
biomedclip,d0357,0.8791664004223256,0.86,0.9,good
biomedclip,d0358,0.8358591519994276,0.81,0.86,good
biomedclip,d0359,0.8644866720608567,0.85,0.88,good
biomedclip,d0360,0.791357050497854,0.76,0.82,good
biomedclip,d0361,0.8317371197355342,0.81,0.85,good
biomedclip,d0362,0.7573591158706486,0.73,0.79,good
biomedclip,d0363,0.88054977567731,0.86,0.9,good
biomedclip,d0364,0.7974328938528918,0.77,0.82,good
biomedclip,d0365,0.8015230187182881,0.78,0.83,good
biomedclip,d0366,0.8296622000413266,0.81,0.85,good
biomedclip,d0367,0.811877298158868,0.79,0.84,good
biomedclip,d0368,0.7682990379299286,0.74,0.8,good
biomedclip,d0369,0.8232547774178813,0.8,0.85,good
biomedclip,d0370,0.8046374234556961,0.78,0.83,good
biomedclip,d0371,0.8452755574089157,0.82,0.87,good
biomedclip,d0372,0.7698369061447892,0.74,0.8,good
biomedclip,d0373,0.8361376108804813,0.81,0.86,good
biomedclip,d0374,0.7985083929161622,0.77,0.82,good
biomedclip,d0375,0.7891820348493299,0.76,0.82,good
biomedclip,d0376,0.8345604090302197,0.81,0.86,good
biomedclip,d0377,0.7044896408806409,0.67,0.74,moderate
biomedclip,d0378,0.8691334510851884,0.85,0.89,good
biomedclip,d0379,0.8322311661980974,0.81,0.85,good
biomedclip,d0380,0.806820408323332,0.78,0.83,good
biomedclip,d0381,0.8775475684938734,0.86,0.89,good
biomedclip,d0382,0.7797165252247318,0.75,0.81,good
biomedclip,d0383,0.7402268688564191,0.71,0.77,moderate
biomedclip,d0384,0.8563515788286992,0.84,0.88,good
biomedclip,d0385,0.8024686959891273,0.78,0.83,good
biomedclip,d0386,0.7816151305941065,0.75,0.81,good
biomedclip,d0387,0.7651686703346577,0.74,0.79,good
biomedclip,d0388,0.784878320579909,0.76,0.81,good
biomedclip,d0389,0.7880174451818828,0.76,0.81,good
biomedclip,d0390,0.8194956239157742,0.8,0.84,good
biomedclip,d0391,0.8254894904878147,0.8,0.85,good
biomedclip,d0392,0.8168920091694744,0.79,0.84,good
biomedclip,d0393,0.8088103101743733,0.78,0.83,good
biomedclip,d0394,0.8181732979952216,0.79,0.84,good
biomedclip,d0395,0.7966347105907634,0.77,0.82,good
biomedclip,d0396,0.8432558266715445,0.82,0.86,good
biomedclip,d0397,0.8407873281475848,0.82,0.86,good
biomedclip,d0398,0.8124349223988143,0.79,0.84,good
biomedclip,d0399,0.841530788274327,0.82,0.86,good
biomedclip,d0400,0.7719850024900882,0.74,0.8,good
biomedclip,d0401,0.7952418927909067,0.77,0.82,good
biomedclip,d0402,0.8706832817148724,0.85,0.89,good
biomedclip,d0403,0.8362258436436959,0.81,0.86,good
biomedclip,d0404,0.8673135674270117,0.85,0.88,good
biomedclip,d0405,0.842634327479875,0.82,0.86,good
biomedclip,d0406,0.8621444865040229,0.84,0.88,good
biomedclip,d0407,0.8579947874861333,0.84,0.88,good
biomedclip,d0408,0.7307606152908607,0.7,0.76,moderate
biomedclip,d0409,0.8002901328447769,0.77,0.83,good
biomedclip,d0410,0.823596044082677,0.8,0.85,good
biomedclip,d0411,0.7398086254345339,0.71,0.77,moderate
biomedclip,d0412,0.775558448696284,0.75,0.8,good
biomedclip,d0413,0.8585020877275636,0.84,0.88,good
biomedclip,d0414,0.8069041484143904,0.78,0.83,good
biomedclip,d0415,0.7572914775199602,0.73,0.79,good
biomedclip,d0416,0.7343860695388486,0.7,0.77,moderate
biomedclip,d0417,0.825462796051132,0.8,0.85,good
biomedclip,d0418,0.8241791795723054,0.8,0.85,good
biomedclip,d0419,0.8207470878781278,0.8,0.84,good
biomedclip,d0420,0.7767612133067252,0.75,0.8,good
biomedclip,d0421,0.8254946338213299,0.8,0.85,good
biomedclip,d0422,0.7681599574666687,0.74,0.8,good
biomedclip,d0423,0.7729475777267664,0.74,0.8,good
biomedclip,d0424,0.7614034077223855,0.73,0.79,good
biomedclip,d0425,0.774410939786002,0.75,0.8,good
biomedclip,d0426,0.8435858616933871,0.82,0.86,good
biomedclip,d0427,0.7919907122341825,0.77,0.82,good
biomedclip,d0428,0.8005606075388202,0.77,0.83,good
biomedclip,d0429,0.8020964041406683,0.78,0.83,good
biomedclip,d0430,0.7901220510393229,0.76,0.82,good
biomedclip,d0431,0.8476720463089148,0.83,0.87,good
biomedclip,d0432,0.8577604716031692,0.84,0.88,good
biomedclip,d0433,0.7495145087000461,0.72,0.78,moderate
biomedclip,d0434,0.7982476061375025,0.77,0.82,good
biomedclip,d0435,0.7692068363157054,0.74,0.8,good
biomedclip,d0436,0.7549277063827078,0.72,0.78,good
biomedclip,d0437,0.8143098254779711,0.79,0.84,good
biomedclip,d0438,0.8035456614406725,0.78,0.83,good
biomedclip,d0439,0.7888976039576541,0.76,0.82,good
biomedclip,d0440,0.7700299450999961,0.74,0.8,good
biomedclip,d0441,0.770084234414676,0.74,0.8,good
biomedclip,d0442,0.8065983195473206,0.78,0.83,good
biomedclip,d0443,0.808886784061398,0.78,0.83,good
biomedclip,d0444,0.7952461322207401,0.77,0.82,good
biomedclip,d0445,0.8019731292985374,0.78,0.83,good
biomedclip,d0446,0.817594714996803,0.79,0.84,good
biomedclip,d0447,0.6862924781083114,0.65,0.72,moderate
biomedclip,d0448,0.7993371350577351,0.77,0.82,good
biomedclip,d0449,0.8157897617836202,0.79,0.84,good
biomedclip,d0450,0.7504030549685149,0.72,0.78,good
biomedclip,d0451,0.8094262183120688,0.78,0.83,good
biomedclip,d0452,0.8354488537522337,0.81,0.86,good
biomedclip,d0453,0.772081267878937,0.74,0.8,good
biomedclip,d0454,0.8634500855596388,0.84,0.88,good
biomedclip,d0455,0.8061561262613866,0.78,0.83,good
biomedclip,d0456,0.819305856264543,0.8,0.84,good
biomedclip,d0457,0.8653062918536223,0.85,0.88,good
biomedclip,d0458,0.7888076008749614,0.76,0.81,good
biomedclip,d0459,0.8034505380693419,0.78,0.83,good
biomedclip,d0460,0.7071945724845077,0.67,0.74,moderate
biomedclip,d0461,0.754251569943827,0.72,0.78,good
biomedclip,d0462,0.7945959971115373,0.77,0.82,good
biomedclip,d0463,0.7567339066256049,0.73,0.79,good
biomedclip,d0464,0.7518333824354833,0.72,0.78,moderate
biomedclip,d0465,0.8726222994648865,0.85,0.89,good
biomedclip,d0466,0.8831536975219801,0.87,0.9,good
biomedclip,d0467,0.7603839517289684,0.73,0.79,good
biomedclip,d0468,0.7292120823244953,0.7,0.76,moderate
biomedclip,d0469,0.7957987799360993,0.77,0.82,good
biomedclip,d0470,0.8797807968575657,0.86,0.9,good
biomedclip,d0471,0.8909725185869477,0.88,0.91,good
biomedclip,d0472,0.8794710148753746,0.86,0.9,good
biomedclip,d0473,0.7290658714535263,0.7,0.76,moderate
biomedclip,d0474,0.7660478732615459,0.74,0.79,good
biomedclip,d0475,0.8585154622415456,0.84,0.88,good
biomedclip,d0476,0.8994199432819826,0.88,0.91,good
biomedclip,d0477,0.7790344989493427,0.75,0.81,good
biomedclip,d0478,0.8609784527338089,0.84,0.88,good
biomedclip,d0479,0.833210737938813,0.81,0.85,good
biomedclip,d0480,0.8312531030564075,0.81,0.85,good
biomedclip,d0481,0.7368913441914937,0.71,0.77,moderate
biomedclip,d0482,0.8117469082270404,0.79,0.84,good
biomedclip,d0483,0.7356232389535651,0.7,0.77,moderate
biomedclip,d0484,0.838886710041594,0.82,0.86,good
biomedclip,d0485,0.8039222256712907,0.78,0.83,good
biomedclip,d0486,0.864888572187428,0.85,0.88,good
biomedclip,d0487,0.8363422940926025,0.81,0.86,good
biomedclip,d0488,0.7895583147082095,0.76,0.82,good
biomedclip,d0489,0.8271341855522512,0.8,0.85,good
biomedclip,d0490,0.8375169156383002,0.82,0.86,good
biomedclip,d0491,0.8467807484287936,0.83,0.87,good
biomedclip,d0492,0.8652244727905887,0.85,0.88,good
biomedclip,d0493,0.7670249800835649,0.74,0.8,good
biomedclip,d0494,0.8375203492126202,0.82,0.86,good
biomedclip,d0495,0.835197658214549,0.81,0.86,good
biomedclip,d0496,0.7978938429826683,0.77,0.82,good
biomedclip,d0497,0.8183801044483217,0.79,0.84,good
biomedclip,d0498,0.8846263206689693,0.87,0.9,good
biomedclip,d0499,0.8291632511631377,0.81,0.85,good
biomedclip,d0500,0.8528829855366181,0.83,0.87,good
biomedclip,d0501,0.823146655761129,0.8,0.85,good
biomedclip,d0502,0.8355208858055815,0.81,0.86,good
biomedclip,d0503,0.8455347479934694,0.82,0.87,good
biomedclip,d0504,0.8071670501774452,0.78,0.83,good
biomedclip,d0505,0.838529529786639,0.82,0.86,good
biomedclip,d0506,0.7891706417051833,0.76,0.82,good
biomedclip,d0507,0.7986860819055852,0.77,0.82,good
biomedclip,d0508,0.8009903194797054,0.78,0.83,good
biomedclip,d0509,0.8054323123107131,0.78,0.83,good
biomedclip,d0510,0.8371695126474585,0.82,0.86,good
biomedclip,d0511,0.7870011549204525,0.76,0.81,good
