icc,ci_lo,ci_hi,icc3_consistency,icc3_ci_lo,icc3_ci_hi,paradigm,feature_name,stratum
0.7754288510212614,0.75,0.8,0.780679753365015,0.75,0.81,radiomics-3d,original_shape_Elongation,good
0.778441428093948,0.75,0.81,0.7818697749967142,0.75,0.81,radiomics-3d,original_shape_Flatness,good
0.8980263888956713,0.79,0.94,0.9746322243400279,0.97,0.98,radiomics-3d,original_shape_LeastAxisLength,good
0.9047154416477747,0.81,0.94,0.9703520969598498,0.97,0.97,radiomics-3d,original_shape_MajorAxisLength,excellent
0.8904926892212018,0.79,0.93,0.9609588604803911,0.95,0.97,radiomics-3d,original_shape_Maximum2DDiameterColumn,good
0.9035257929596581,0.81,0.94,0.9709843959140882,0.97,0.98,radiomics-3d,original_shape_Maximum2DDiameterRow,excellent
0.9542569139483186,0.93,0.97,0.9745331239519233,0.97,0.98,radiomics-3d,original_shape_Maximum2DDiameterSlice,excellent
0.9230906338025351,0.85,0.95,0.9714439994996807,0.97,0.98,radiomics-3d,original_shape_Maximum3DDiameter,excellent
0.83010638230154,0.76,0.88,0.8922953892713189,0.88,0.91,radiomics-3d,original_shape_MeshVolume,good
0.910032574523878,0.82,0.95,0.9732531884828939,0.97,0.98,radiomics-3d,original_shape_MinorAxisLength,excellent
0.7861047124803459,0.69,0.85,0.8695614687777689,0.85,0.89,radiomics-3d,original_shape_Sphericity,good
0.9080492977986472,0.85,0.94,0.949761949728252,0.94,0.96,radiomics-3d,original_shape_SurfaceArea,excellent
0.7316497469888048,0.57,0.82,0.8832262302137862,0.87,0.9,radiomics-3d,original_shape_SurfaceVolumeRatio,moderate
0.8309716297274508,0.76,0.88,0.8929843538708231,0.88,0.91,radiomics-3d,original_shape_VoxelVolume,good
0.9835261805374328,0.98,0.99,0.984389609886255,0.98,0.99,radiomics-3d,original_firstorder_10Percentile,excellent
0.986740388142556,0.98,0.99,0.9872581625473394,0.99,0.99,radiomics-3d,original_firstorder_90Percentile,excellent
0.8411948991183422,0.8,0.87,0.8716485772921361,0.85,0.89,radiomics-3d,original_firstorder_Energy,good
0.9668378331039565,0.96,0.97,0.9747751435830376,0.97,0.98,radiomics-3d,original_firstorder_Entropy,excellent
0.9530757473038496,0.95,0.96,0.9545825674431181,0.95,0.96,radiomics-3d,original_firstorder_InterquartileRange,excellent
0.6012518547426949,0.56,0.64,0.6022684435560076,0.56,0.64,radiomics-3d,original_firstorder_Kurtosis,moderate
0.9434148125793369,0.93,0.95,0.9541458682218842,0.95,0.96,radiomics-3d,original_firstorder_Maximum,excellent
0.9638671010713958,0.96,0.97,0.9689174513475545,0.96,0.97,radiomics-3d,original_firstorder_MeanAbsoluteDeviation,excellent
0.9960684547885111,1.0,1.0,0.9960751183939647,1.0,1.0,radiomics-3d,original_firstorder_Mean,excellent
0.9922303236464395,0.99,0.99,0.9923197504154652,0.99,0.99,radiomics-3d,original_firstorder_Median,excellent
0.9758699242896145,0.97,0.98,0.9780070701520687,0.97,0.98,radiomics-3d,original_firstorder_Minimum,excellent
0.9277073290374674,0.91,0.94,0.9452671391364685,0.94,0.95,radiomics-3d,original_firstorder_Range,excellent
0.9600979130396378,0.95,0.97,0.9627314296663071,0.96,0.97,radiomics-3d,original_firstorder_RobustMeanAbsoluteDeviation,excellent
0.9944822966607426,0.99,1.0,0.9946864846374481,0.99,1.0,radiomics-3d,original_firstorder_RootMeanSquared,excellent
0.829107381858573,0.81,0.85,0.8323867510235725,0.81,0.85,radiomics-3d,original_firstorder_Skewness,good
0.8411934888646984,0.8,0.87,0.871638519482704,0.85,0.89,radiomics-3d,original_firstorder_TotalEnergy,good
0.9648751448324828,0.96,0.97,0.9705927785533386,0.97,0.97,radiomics-3d,original_firstorder_Uniformity,excellent
0.9600797681827772,0.95,0.97,0.9646646968440953,0.96,0.97,radiomics-3d,original_firstorder_Variance,excellent
0.9383480425504119,0.93,0.95,0.940932078746868,0.93,0.95,radiomics-3d,original_glcm_Autocorrelation,excellent
0.8904985007811672,0.87,0.91,0.8961657768021339,0.88,0.91,radiomics-3d,original_glcm_ClusterProminence,good
0.8886878553918539,0.87,0.9,0.8896437534175641,0.87,0.9,radiomics-3d,original_glcm_ClusterShade,good
0.953573408042874,0.94,0.96,0.9597508682085003,0.95,0.97,radiomics-3d,original_glcm_ClusterTendency,excellent
0.9723462780721844,0.97,0.98,0.9723372345997419,0.97,0.98,radiomics-3d,original_glcm_Contrast,excellent
0.9090170547232483,0.88,0.93,0.9345118854399446,0.92,0.94,radiomics-3d,original_glcm_Correlation,excellent
0.9742860519130043,0.97,0.98,0.9742384647678365,0.97,0.98,radiomics-3d,original_glcm_DifferenceAverage,excellent
0.9708665347602202,0.96,0.98,0.974797160159048,0.97,0.98,radiomics-3d,original_glcm_DifferenceEntropy,excellent
0.9569994909058918,0.95,0.96,0.9583508726365335,0.95,0.96,radiomics-3d,original_glcm_DifferenceVariance,excellent
0.9805649092977006,0.98,0.98,0.9805468980711007,0.98,0.98,radiomics-3d,original_glcm_Id,excellent
0.9808009602181414,0.98,0.98,0.9807840472027767,0.98,0.98,radiomics-3d,original_glcm_Idm,excellent
0.8040806827957441,0.75,0.84,0.846220185123834,0.83,0.87,radiomics-3d,original_glcm_Idmn,good
0.8596491810449959,0.81,0.89,0.8990147234748355,0.88,0.91,radiomics-3d,original_glcm_Idn,good
0.8663213787268755,0.85,0.89,0.8758677688482982,0.86,0.89,radiomics-3d,original_glcm_Imc1,good
0.9143257163912598,0.9,0.93,0.9143727156030496,0.9,0.93,radiomics-3d,original_glcm_Imc2,excellent
0.9619083107613249,0.96,0.97,0.9618313975179728,0.96,0.97,radiomics-3d,original_glcm_InverseVariance,excellent
0.9351803658330557,0.92,0.94,0.9395528104401857,0.93,0.95,radiomics-3d,original_glcm_JointAverage,excellent
0.9566069751797391,0.95,0.96,0.9625362367392498,0.96,0.97,radiomics-3d,original_glcm_JointEnergy,excellent
0.9532481069860924,0.93,0.97,0.9711540689883945,0.97,0.98,radiomics-3d,original_glcm_JointEntropy,excellent
0.8855814024312482,0.87,0.9,0.8862011006627369,0.87,0.9,radiomics-3d,original_glcm_MCC,good
0.9625713202159073,0.96,0.97,0.9658775692454666,0.96,0.97,radiomics-3d,original_glcm_MaximumProbability,excellent
0.935180365833056,0.92,0.94,0.9395528104401858,0.93,0.95,radiomics-3d,original_glcm_SumAverage,excellent
0.9501365583007914,0.93,0.96,0.9663907491476404,0.96,0.97,radiomics-3d,original_glcm_SumEntropy,excellent
0.957756076867556,0.95,0.97,0.963014410484458,0.96,0.97,radiomics-3d,original_glcm_SumSquares,excellent
0.8676795406195397,0.79,0.91,0.9328653009648642,0.92,0.94,radiomics-3d,original_gldm_DependenceEntropy,good
0.8434909299613859,0.78,0.89,0.8989329477634096,0.88,0.91,radiomics-3d,original_gldm_DependenceNonUniformity,good
0.9056651481014407,0.88,0.93,0.9251914152127642,0.91,0.94,radiomics-3d,original_gldm_DependenceNonUniformityNormalized,excellent
0.9456863213336927,0.93,0.96,0.9607160067651211,0.95,0.97,radiomics-3d,original_gldm_DependenceVariance,excellent
0.8681612025992365,0.82,0.9,0.9048009116990506,0.89,0.92,radiomics-3d,original_gldm_GrayLevelNonUniformity,good
0.9601369931571909,0.95,0.97,0.964717417601934,0.96,0.97,radiomics-3d,original_gldm_GrayLevelVariance,excellent
0.9407435671902973,0.93,0.95,0.9432862268022884,0.93,0.95,radiomics-3d,original_gldm_HighGrayLevelEmphasis,excellent
0.9671649416332183,0.95,0.98,0.9770758889332914,0.97,0.98,radiomics-3d,original_gldm_LargeDependenceEmphasis,excellent
0.8950961109214157,0.88,0.91,0.8998171275293145,0.89,0.91,radiomics-3d,original_gldm_LargeDependenceHighGrayLevelEmphasis,good
0.9522498748724229,0.94,0.96,0.9522760468239525,0.94,0.96,radiomics-3d,original_gldm_LargeDependenceLowGrayLevelEmphasis,excellent
0.8256793110951398,0.8,0.85,0.8415029102859454,0.82,0.86,radiomics-3d,original_gldm_LowGrayLevelEmphasis,good
0.9475647203667417,0.93,0.96,0.9567546828042247,0.95,0.96,radiomics-3d,original_gldm_SmallDependenceEmphasis,excellent
0.9746049149882456,0.97,0.98,0.9745873192431247,0.97,0.98,radiomics-3d,original_gldm_SmallDependenceHighGrayLevelEmphasis,excellent
0.7037092143933996,0.65,0.75,0.7483984534702053,0.72,0.78,radiomics-3d,original_gldm_SmallDependenceLowGrayLevelEmphasis,moderate
0.8738302712224977,0.82,0.91,0.9190137009440768,0.91,0.93,radiomics-3d,original_glrlm_GrayLevelNonUniformity,good
0.9515365174702659,0.94,0.96,0.9615180652189186,0.96,0.97,radiomics-3d,original_glrlm_GrayLevelNonUniformityNormalized,excellent
0.9587477383837235,0.95,0.97,0.9638453778199978,0.96,0.97,radiomics-3d,original_glrlm_GrayLevelVariance,excellent
0.9411065933013057,0.93,0.95,0.9438906724080801,0.94,0.95,radiomics-3d,original_glrlm_HighGrayLevelRunEmphasis,excellent
0.9632166585990705,0.95,0.97,0.9712611498622693,0.97,0.98,radiomics-3d,original_glrlm_LongRunEmphasis,excellent
0.9102895666556764,0.9,0.92,0.915166548253556,0.9,0.93,radiomics-3d,original_glrlm_LongRunHighGrayLevelEmphasis,excellent
0.9465036338925383,0.94,0.95,0.9466716117626971,0.94,0.95,radiomics-3d,original_glrlm_LongRunLowGrayLevelEmphasis,excellent
0.8316035343176847,0.8,0.86,0.8487486004386812,0.83,0.87,radiomics-3d,original_glrlm_LowGrayLevelRunEmphasis,good
0.9281368894338856,0.88,0.95,0.9614928213155347,0.96,0.97,radiomics-3d,original_glrlm_RunEntropy,excellent
0.8297951035880283,0.76,0.88,0.8914119037921606,0.88,0.91,radiomics-3d,original_glrlm_RunLengthNonUniformity,good
0.9683472787523602,0.96,0.98,0.9768617080416487,0.97,0.98,radiomics-3d,original_glrlm_RunLengthNonUniformityNormalized,excellent
0.9702721826566244,0.96,0.98,0.980590437525183,0.98,0.98,radiomics-3d,original_glrlm_RunPercentage,excellent
0.9434976435774562,0.93,0.95,0.9537808225673353,0.95,0.96,radiomics-3d,original_glrlm_RunVariance,excellent
0.9719128331113829,0.96,0.98,0.9774098818445285,0.97,0.98,radiomics-3d,original_glrlm_ShortRunEmphasis,excellent
0.9478733302658194,0.94,0.96,0.9500795974220255,0.94,0.96,radiomics-3d,original_glrlm_ShortRunHighGrayLevelEmphasis,excellent
0.8007171028407604,0.77,0.83,0.824890985157995,0.8,0.85,radiomics-3d,original_glrlm_ShortRunLowGrayLevelEmphasis,good
0.8712634606533083,0.82,0.91,0.9177434564471545,0.91,0.93,radiomics-3d,original_glszm_GrayLevelNonUniformity,good
0.9034965649890644,0.88,0.92,0.9167605013600552,0.9,0.93,radiomics-3d,original_glszm_GrayLevelNonUniformityNormalized,excellent
0.9310351632382763,0.92,0.94,0.939230304866085,0.93,0.95,radiomics-3d,original_glszm_GrayLevelVariance,excellent
0.9417054798531154,0.93,0.95,0.9467360286330916,0.94,0.95,radiomics-3d,original_glszm_HighGrayLevelZoneEmphasis,excellent
0.9229396112747662,0.91,0.93,0.927029083504124,0.92,0.94,radiomics-3d,original_glszm_LargeAreaEmphasis,excellent
0.454477126828074,0.41,0.5,0.457541808361085,0.42,0.5,radiomics-3d,original_glszm_LargeAreaHighGrayLevelEmphasis,poor
0.9274567054909139,0.92,0.94,0.9275677803032593,0.92,0.94,radiomics-3d,original_glszm_LargeAreaLowGrayLevelEmphasis,excellent
0.8309594336560667,0.8,0.86,0.8452968508911218,0.82,0.87,radiomics-3d,original_glszm_LowGrayLevelZoneEmphasis,good
0.8577689761525915,0.81,0.89,0.8937813562043273,0.88,0.91,radiomics-3d,original_glszm_SizeZoneNonUniformity,good
0.868476018593451,0.85,0.89,0.8686480116742383,0.85,0.89,radiomics-3d,original_glszm_SizeZoneNonUniformityNormalized,good
0.8590199158356101,0.84,0.88,0.86291005886366,0.84,0.88,radiomics-3d,original_glszm_SmallAreaEmphasis,good
0.9515746469668148,0.94,0.96,0.955503962900568,0.95,0.96,radiomics-3d,original_glszm_SmallAreaHighGrayLevelEmphasis,excellent
0.7386425230328624,0.71,0.77,0.7459886532688051,0.72,0.78,radiomics-3d,original_glszm_SmallAreaLowGrayLevelEmphasis,moderate
0.8988796680887324,0.83,0.93,0.9509573559660002,0.94,0.96,radiomics-3d,original_glszm_ZoneEntropy,good
0.9400364458179093,0.92,0.95,0.9557179775243924,0.95,0.96,radiomics-3d,original_glszm_ZonePercentage,excellent
0.9191607575287027,0.91,0.93,0.9234674079123361,0.91,0.93,radiomics-3d,original_glszm_ZoneVariance,excellent
0.8294331626539436,0.81,0.85,0.8311896892007965,0.81,0.85,radiomics-3d,original_ngtdm_Busyness,good
0.6536183487127947,0.59,0.71,0.7048091150734681,0.67,0.74,radiomics-3d,original_ngtdm_Coarseness,moderate
0.9593603066943289,0.95,0.97,0.9636545352191859,0.96,0.97,radiomics-3d,original_ngtdm_Complexity,excellent
0.7667091296470889,0.74,0.8,0.7708187963681077,0.74,0.8,radiomics-3d,original_ngtdm_Contrast,good
0.8388581110032015,0.82,0.86,0.842605495830693,0.82,0.86,radiomics-3d,original_ngtdm_Strength,good
0.7324733882405644,0.69,0.77,0.7603809083905554,0.73,0.79,radiomics-2d,original_shape2D_Elongation,moderate
0.9406566307004302,0.9,0.96,0.9702384853596555,0.97,0.97,radiomics-2d,original_shape2D_MajorAxisLength,excellent
0.9420286092074835,0.91,0.96,0.9686806023628088,0.96,0.97,radiomics-2d,original_shape2D_MaximumDiameter,excellent
0.917851906582078,0.86,0.95,0.9581408599274529,0.95,0.96,radiomics-2d,original_shape2D_MeshSurface,excellent
0.9189961730439966,0.84,0.95,0.9745204730418202,0.97,0.98,radiomics-2d,original_shape2D_MinorAxisLength,excellent
0.9315457525023184,0.9,0.95,0.9571363027035018,0.95,0.96,radiomics-2d,original_shape2D_Perimeter,excellent
0.8085359825227378,0.7,0.87,0.8994192506873648,0.88,0.91,radiomics-2d,original_shape2D_PerimeterSurfaceRatio,good
0.9179184497566446,0.86,0.95,0.9581841529690271,0.95,0.96,radiomics-2d,original_shape2D_PixelSurface,excellent
0.7493112392887289,0.71,0.78,0.7738525177883593,0.75,0.8,radiomics-2d,original_shape2D_Sphericity,moderate
0.9830348696316893,0.98,0.99,0.9834289906844192,0.98,0.99,radiomics-2d,original_firstorder_10Percentile,excellent
0.977255058647441,0.97,0.98,0.9780482697293537,0.97,0.98,radiomics-2d,original_firstorder_90Percentile,excellent
0.9322963124619905,0.91,0.95,0.9475231434463377,0.94,0.96,radiomics-2d,original_firstorder_Energy,excellent
0.9512920721258175,0.94,0.96,0.961453643550701,0.96,0.97,radiomics-2d,original_firstorder_Entropy,excellent
0.9171093218989697,0.9,0.93,0.9192896218711567,0.91,0.93,radiomics-2d,original_firstorder_InterquartileRange,excellent
0.7326936221568651,0.7,0.76,0.7330777744214981,0.7,0.76,radiomics-2d,original_firstorder_Kurtosis,moderate
0.9464234220540304,0.94,0.95,0.9508012429420771,0.94,0.96,radiomics-2d,original_firstorder_Maximum,excellent
0.9454213493901223,0.94,0.95,0.9498358980432605,0.94,0.96,radiomics-2d,original_firstorder_MeanAbsoluteDeviation,excellent
0.9934426698654127,0.99,0.99,0.9934345153025871,0.99,0.99,radiomics-2d,original_firstorder_Mean,excellent
0.9869946573614411,0.98,0.99,0.9870080664781268,0.98,0.99,radiomics-2d,original_firstorder_Median,excellent
0.9775933631070549,0.97,0.98,0.9783281706546547,0.97,0.98,radiomics-2d,original_firstorder_Minimum,excellent
0.9265016567979453,0.91,0.94,0.9344078001313976,0.92,0.94,radiomics-2d,original_firstorder_Range,excellent
0.9394342218304294,0.93,0.95,0.9425197422548761,0.93,0.95,radiomics-2d,original_firstorder_RobustMeanAbsoluteDeviation,excellent
0.9924252655910334,0.99,0.99,0.9924755110716938,0.99,0.99,radiomics-2d,original_firstorder_RootMeanSquared,excellent
0.8061321261346919,0.78,0.83,0.8082312350979464,0.78,0.83,radiomics-2d,original_firstorder_Skewness,good
0.9409946094231667,0.92,0.95,0.9535358348872366,0.95,0.96,radiomics-2d,original_firstorder_TotalEnergy,excellent
0.9398839569816644,0.93,0.95,0.9465068200788525,0.94,0.95,radiomics-2d,original_firstorder_Uniformity,excellent
0.9327567194799052,0.92,0.94,0.9363545183809926,0.93,0.95,radiomics-2d,original_firstorder_Variance,excellent
0.9203492933939202,0.91,0.93,0.9218098375107758,0.91,0.93,radiomics-2d,original_glcm_Autocorrelation,excellent
0.8033859793633299,0.78,0.83,0.8064705003686004,0.78,0.83,radiomics-2d,original_glcm_ClusterProminence,good
0.7983554005346414,0.77,0.82,0.7988432553364968,0.77,0.82,radiomics-2d,original_glcm_ClusterShade,good
0.9306838651973514,0.92,0.94,0.9355570793438222,0.93,0.94,radiomics-2d,original_glcm_ClusterTendency,excellent
0.9138795115472144,0.9,0.93,0.9137983964000321,0.9,0.93,radiomics-2d,original_glcm_Contrast,excellent
0.88774366355782,0.86,0.91,0.905799420929808,0.89,0.92,radiomics-2d,original_glcm_Correlation,good
0.9510598465475532,0.94,0.96,0.9509658143146793,0.94,0.96,radiomics-2d,original_glcm_DifferenceAverage,excellent
0.9529566971494734,0.94,0.96,0.9595047119498906,0.95,0.97,radiomics-2d,original_glcm_DifferenceEntropy,excellent
0.8889102615346779,0.87,0.9,0.8892226356099034,0.87,0.9,radiomics-2d,original_glcm_DifferenceVariance,good
0.9612051675137885,0.96,0.97,0.9611812229738192,0.96,0.97,radiomics-2d,original_glcm_Id,excellent
0.9613338398680933,0.96,0.97,0.9613133547913171,0.96,0.97,radiomics-2d,original_glcm_Idm,excellent
0.7966031534914958,0.76,0.83,0.8279826358371667,0.8,0.85,radiomics-2d,original_glcm_Idmn,good
0.8539438059140718,0.82,0.88,0.8808201414415666,0.86,0.9,radiomics-2d,original_glcm_Idn,good
0.8919849355875014,0.88,0.91,0.8972151777707884,0.88,0.91,radiomics-2d,original_glcm_Imc1,good
0.9046888889049527,0.89,0.92,0.9052491082062274,0.89,0.92,radiomics-2d,original_glcm_Imc2,excellent
0.914277937201769,0.9,0.93,0.9142615162234414,0.9,0.93,radiomics-2d,original_glcm_InverseVariance,excellent
0.9256080240170025,0.91,0.94,0.9280975572300191,0.92,0.94,radiomics-2d,original_glcm_JointAverage,excellent
0.9288002194102957,0.91,0.94,0.937578712204147,0.93,0.95,radiomics-2d,original_glcm_JointEnergy,excellent
0.9399254859194013,0.91,0.96,0.9629089530738472,0.96,0.97,radiomics-2d,original_glcm_JointEntropy,excellent
0.8510615664477242,0.83,0.87,0.8512779775612752,0.83,0.87,radiomics-2d,original_glcm_MCC,good
0.9209669697002445,0.91,0.93,0.9264403402392593,0.92,0.94,radiomics-2d,original_glcm_MaximumProbability,excellent
0.9256080240170026,0.91,0.94,0.9280975572300192,0.92,0.94,radiomics-2d,original_glcm_SumAverage,excellent
0.9355110116900663,0.91,0.95,0.9566350857361778,0.95,0.96,radiomics-2d,original_glcm_SumEntropy,excellent
0.9338998810580504,0.92,0.94,0.9378953246328574,0.93,0.95,radiomics-2d,original_glcm_SumSquares,excellent
0.9025760840476524,0.85,0.93,0.9466681858371838,0.94,0.95,radiomics-2d,original_gldm_DependenceEntropy,excellent
0.9175302711011059,0.87,0.94,0.9518512255600623,0.94,0.96,radiomics-2d,original_gldm_DependenceNonUniformity,excellent
0.8897547734961818,0.87,0.91,0.8990801874160139,0.88,0.91,radiomics-2d,original_gldm_DependenceNonUniformityNormalized,good
0.8919049673763009,0.87,0.91,0.8991433226976304,0.88,0.91,radiomics-2d,original_gldm_DependenceVariance,good
0.942471466041375,0.92,0.96,0.9595643327067545,0.95,0.97,radiomics-2d,original_gldm_GrayLevelNonUniformity,excellent
0.9328709414659236,0.92,0.94,0.9364599917161862,0.93,0.95,radiomics-2d,original_gldm_GrayLevelVariance,excellent
0.922885395392868,0.91,0.93,0.9243026178221025,0.91,0.93,radiomics-2d,original_gldm_HighGrayLevelEmphasis,excellent
0.952247028539772,0.94,0.96,0.9551814419567625,0.95,0.96,radiomics-2d,original_gldm_LargeDependenceEmphasis,excellent
0.9240097681998356,0.91,0.93,0.9260317486363321,0.91,0.94,radiomics-2d,original_gldm_LargeDependenceHighGrayLevelEmphasis,excellent
0.7658171075645634,0.74,0.79,0.767390275480148,0.74,0.8,radiomics-2d,original_gldm_LargeDependenceLowGrayLevelEmphasis,good
0.7705341852792508,0.74,0.8,0.7848954145268796,0.76,0.81,radiomics-2d,original_gldm_LowGrayLevelEmphasis,good
0.9354476412902762,0.93,0.94,0.9372098437471138,0.93,0.95,radiomics-2d,original_gldm_SmallDependenceEmphasis,excellent
0.9225719739783181,0.91,0.93,0.9229905342773591,0.91,0.93,radiomics-2d,original_gldm_SmallDependenceHighGrayLevelEmphasis,excellent
0.7331634786098321,0.69,0.77,0.7636048093218982,0.73,0.79,radiomics-2d,original_gldm_SmallDependenceLowGrayLevelEmphasis,moderate
0.9391290905351162,0.91,0.96,0.9620842770564363,0.96,0.97,radiomics-2d,original_glrlm_GrayLevelNonUniformity,excellent
0.9328162413949941,0.92,0.94,0.9426182185641211,0.93,0.95,radiomics-2d,original_glrlm_GrayLevelNonUniformityNormalized,excellent
0.9296314951501856,0.92,0.94,0.933418347270036,0.92,0.94,radiomics-2d,original_glrlm_GrayLevelVariance,excellent
0.9235119201691557,0.91,0.93,0.9251522765688024,0.91,0.94,radiomics-2d,original_glrlm_HighGrayLevelRunEmphasis,excellent
0.9564690198689981,0.95,0.96,0.9575404119628769,0.95,0.96,radiomics-2d,original_glrlm_LongRunEmphasis,excellent
0.9301692403500642,0.92,0.94,0.9323742610303678,0.92,0.94,radiomics-2d,original_glrlm_LongRunHighGrayLevelEmphasis,excellent
0.7201179538300861,0.69,0.75,0.7204369810229664,0.69,0.75,radiomics-2d,original_glrlm_LongRunLowGrayLevelEmphasis,moderate
0.792175115322453,0.76,0.82,0.8075928189268476,0.78,0.83,radiomics-2d,original_glrlm_LowGrayLevelRunEmphasis,good
0.9235758932240788,0.88,0.95,0.9555761707217058,0.95,0.96,radiomics-2d,original_glrlm_RunEntropy,excellent
0.9163852195933209,0.87,0.94,0.953340618213815,0.95,0.96,radiomics-2d,original_glrlm_RunLengthNonUniformity,excellent
0.9415784786382427,0.93,0.95,0.9443359394697924,0.94,0.95,radiomics-2d,original_glrlm_RunLengthNonUniformityNormalized,excellent
0.9534622248457598,0.95,0.96,0.9563545082218933,0.95,0.96,radiomics-2d,original_glrlm_RunPercentage,excellent
0.9013479747461991,0.89,0.92,0.904362298132874,0.89,0.92,radiomics-2d,original_glrlm_RunVariance,excellent
0.944360836393852,0.94,0.95,0.9451447382890655,0.94,0.95,radiomics-2d,original_glrlm_ShortRunEmphasis,excellent
0.9243849671151909,0.91,0.94,0.9257643287204262,0.91,0.94,radiomics-2d,original_glrlm_ShortRunHighGrayLevelEmphasis,excellent
0.7969962467278309,0.76,0.83,0.8173792509062789,0.79,0.84,radiomics-2d,original_glrlm_ShortRunLowGrayLevelEmphasis,good
0.9089499814748381,0.87,0.93,0.9412143718095567,0.93,0.95,radiomics-2d,original_glszm_GrayLevelNonUniformity,excellent
0.871592964913465,0.85,0.89,0.8853722255842771,0.87,0.9,radiomics-2d,original_glszm_GrayLevelNonUniformityNormalized,good
0.9184168974643913,0.91,0.93,0.9226312730700188,0.91,0.93,radiomics-2d,original_glszm_GrayLevelVariance,excellent
0.9236358842544079,0.91,0.93,0.925878008361813,0.91,0.94,radiomics-2d,original_glszm_HighGrayLevelZoneEmphasis,excellent
0.9250494068349971,0.91,0.94,0.9252788707226927,0.91,0.94,radiomics-2d,original_glszm_LargeAreaEmphasis,excellent
0.882660779148105,0.87,0.9,0.8845813060420432,0.87,0.9,radiomics-2d,original_glszm_LargeAreaHighGrayLevelEmphasis,good
0.6380260151481053,0.6,0.68,0.6379643339658201,0.6,0.68,radiomics-2d,original_glszm_LargeAreaLowGrayLevelEmphasis,moderate
0.838771477704501,0.81,0.86,0.8547465024998692,0.83,0.87,radiomics-2d,original_glszm_LowGrayLevelZoneEmphasis,good
0.9176124431860176,0.89,0.94,0.9420651540721281,0.93,0.95,radiomics-2d,original_glszm_SizeZoneNonUniformity,excellent
0.8299454762600882,0.81,0.85,0.832038972792295,0.81,0.85,radiomics-2d,original_glszm_SizeZoneNonUniformityNormalized,good
0.8210687565747696,0.8,0.84,0.8215220855477413,0.8,0.84,radiomics-2d,original_glszm_SmallAreaEmphasis,good
0.9214220586271505,0.91,0.93,0.9231604225351506,0.91,0.93,radiomics-2d,original_glszm_SmallAreaHighGrayLevelEmphasis,excellent
0.6823820612076041,0.65,0.72,0.6925222151152755,0.66,0.73,radiomics-2d,original_glszm_SmallAreaLowGrayLevelEmphasis,moderate
0.9117450003732497,0.86,0.94,0.9513847589408885,0.94,0.96,radiomics-2d,original_glszm_ZoneEntropy,excellent
0.9450348763637553,0.94,0.95,0.9478510151697603,0.94,0.96,radiomics-2d,original_glszm_ZonePercentage,excellent
0.8749612915487791,0.86,0.89,0.8767884678945097,0.86,0.89,radiomics-2d,original_glszm_ZoneVariance,good
0.5494308179597799,0.51,0.59,0.549858415395708,0.51,0.59,radiomics-2d,original_ngtdm_Busyness,moderate
0.33333443357279124,0.29,0.38,0.333334444244315,0.29,0.38,radiomics-2d,original_ngtdm_Coarseness,poor
0.9115394473539475,0.9,0.92,0.9139246525831392,0.9,0.93,radiomics-2d,original_ngtdm_Complexity,excellent
0.7840490794520188,0.76,0.81,0.7874487704501134,0.76,0.81,radiomics-2d,original_ngtdm_Contrast,good
0.8913414852962593,0.88,0.91,0.8918984810908182,0.88,0.91,radiomics-2d,original_ngtdm_Strength,good
0.7975212116324586,0.77,0.82,0.7983193849759473,0.77,0.82,biomedclip,d0000,good
0.7889671644816244,0.76,0.82,0.7901280472860466,0.76,0.82,biomedclip,d0001,good
0.8252592332871416,0.8,0.85,0.8296720176171515,0.81,0.85,biomedclip,d0002,good
0.8252689977534308,0.8,0.85,0.828916783247469,0.81,0.85,biomedclip,d0003,good
0.8117127948695767,0.79,0.84,0.8127115620338518,0.79,0.84,biomedclip,d0004,good
0.8417191437220835,0.82,0.86,0.8479984685918812,0.83,0.87,biomedclip,d0005,good
0.7572495658105063,0.73,0.79,0.7570048136054895,0.73,0.79,biomedclip,d0006,good
0.8152236834018086,0.79,0.84,0.8220341224847647,0.8,0.84,biomedclip,d0007,good
0.7826058961736791,0.75,0.81,0.7840635280592314,0.76,0.81,biomedclip,d0008,good
0.8304246142203108,0.81,0.85,0.8357337531785356,0.81,0.86,biomedclip,d0009,good
0.8045493767307483,0.78,0.83,0.805307028121669,0.78,0.83,biomedclip,d0010,good
0.8519584521446202,0.83,0.87,0.8578057638416069,0.84,0.88,biomedclip,d0011,good
0.7765217341584186,0.75,0.8,0.7763971202392825,0.75,0.8,biomedclip,d0012,good
0.8036557620832834,0.78,0.83,0.8084154857629147,0.78,0.83,biomedclip,d0013,good
0.788112854072231,0.76,0.81,0.7893239185020727,0.76,0.82,biomedclip,d0014,good
0.8610979222257268,0.83,0.89,0.8823640742717014,0.87,0.9,biomedclip,d0015,good
0.7705067073499571,0.74,0.8,0.7707970070368437,0.74,0.8,biomedclip,d0016,good
0.7815006822981381,0.75,0.81,0.7878503055929108,0.76,0.81,biomedclip,d0017,good
0.7916314611145178,0.76,0.82,0.7931209921786402,0.77,0.82,biomedclip,d0018,good
0.764713055358405,0.74,0.79,0.7702020088319614,0.74,0.8,biomedclip,d0019,good
0.7516491547256854,0.72,0.78,0.7569863968439889,0.73,0.79,biomedclip,d0020,good
0.8359024376539672,0.81,0.86,0.8414935332577244,0.82,0.86,biomedclip,d0021,good
0.8384217639336048,0.82,0.86,0.8387973212858153,0.82,0.86,biomedclip,d0022,good
0.7343010419568169,0.7,0.77,0.7360623595323136,0.7,0.77,biomedclip,d0023,moderate
0.8526958923583566,0.83,0.87,0.8584432611725974,0.84,0.88,biomedclip,d0024,good
0.8081697749426029,0.78,0.83,0.8084501508084768,0.78,0.83,biomedclip,d0025,good
0.7993258622694994,0.77,0.82,0.8004934399485645,0.77,0.83,biomedclip,d0026,good
0.7577857517431975,0.73,0.79,0.7581913042757018,0.73,0.79,biomedclip,d0027,good
0.8112473354020328,0.78,0.84,0.8213972628505385,0.8,0.84,biomedclip,d0028,good
0.7739572544690437,0.75,0.8,0.7767491205572834,0.75,0.8,biomedclip,d0029,good
0.7521685315933517,0.72,0.78,0.7527126629536347,0.72,0.78,biomedclip,d0030,good
0.7774758877606099,0.75,0.8,0.7772112264258906,0.75,0.8,biomedclip,d0031,good
0.8633830468245629,0.84,0.88,0.8751921250052312,0.86,0.89,biomedclip,d0032,good
0.8270370448128399,0.8,0.85,0.8289292676195015,0.81,0.85,biomedclip,d0033,good
0.7599870034787061,0.73,0.79,0.7605608896391365,0.73,0.79,biomedclip,d0034,good
0.8009765676375682,0.78,0.83,0.8009088728754129,0.78,0.83,biomedclip,d0035,good
0.8341608410622648,0.81,0.86,0.8375832757177405,0.82,0.86,biomedclip,d0036,good
0.7528156693580487,0.72,0.78,0.7650721675430106,0.74,0.79,biomedclip,d0037,good
0.8401170312282703,0.82,0.86,0.8410150161214575,0.82,0.86,biomedclip,d0038,good
0.821612553540085,0.8,0.84,0.821538805682469,0.8,0.84,biomedclip,d0039,good
0.8657322200914467,0.84,0.89,0.8761875497983584,0.86,0.89,biomedclip,d0040,good
0.7798613916134779,0.75,0.81,0.7875108275621125,0.76,0.81,biomedclip,d0041,good
0.7935376548262499,0.77,0.82,0.795061487568085,0.77,0.82,biomedclip,d0042,good
0.8055930340649938,0.78,0.83,0.8061067608596716,0.78,0.83,biomedclip,d0043,good
0.8605691395201254,0.84,0.88,0.8604776748984847,0.84,0.88,biomedclip,d0044,good
0.8427058952340106,0.82,0.86,0.842522691606164,0.82,0.86,biomedclip,d0045,good
0.8418000676171199,0.82,0.86,0.8534905880903083,0.83,0.87,biomedclip,d0046,good
0.8251636497552591,0.8,0.85,0.8260332446380442,0.8,0.85,biomedclip,d0047,good
0.7584117368862255,0.73,0.79,0.7583556483242497,0.73,0.79,biomedclip,d0048,good
0.7556588894949556,0.72,0.79,0.7654878909618165,0.74,0.79,biomedclip,d0049,good
0.7871244111926599,0.76,0.81,0.7918690452665866,0.77,0.82,biomedclip,d0050,good
0.821463505520382,0.8,0.84,0.8220699507534902,0.8,0.84,biomedclip,d0051,good
0.7375437412282246,0.71,0.77,0.7454050538109381,0.71,0.78,biomedclip,d0052,moderate
0.7591776605631559,0.73,0.79,0.7634468424490295,0.73,0.79,biomedclip,d0053,good
0.7691918382145813,0.74,0.8,0.7705181712617364,0.74,0.8,biomedclip,d0054,good
0.8028224791770828,0.78,0.83,0.8026256410094903,0.78,0.83,biomedclip,d0055,good
0.812104382786846,0.79,0.84,0.822477874929141,0.8,0.85,biomedclip,d0056,good
0.7966765492030754,0.77,0.82,0.7974228802980428,0.77,0.82,biomedclip,d0057,good
0.7749208640339486,0.75,0.8,0.7777987627666313,0.75,0.81,biomedclip,d0058,good
0.7633853917476308,0.73,0.79,0.7693174831119932,0.74,0.8,biomedclip,d0059,good
0.7538391974662692,0.72,0.78,0.7558724150866181,0.73,0.79,biomedclip,d0060,good
0.7912491144139028,0.76,0.82,0.7924529452280736,0.77,0.82,biomedclip,d0061,good
0.8428676744928816,0.82,0.86,0.851322282411757,0.83,0.87,biomedclip,d0062,good
0.8277203002565383,0.8,0.85,0.8349486338369044,0.81,0.86,biomedclip,d0063,good
0.8295729389894568,0.81,0.85,0.829476247603653,0.81,0.85,biomedclip,d0064,good
0.7742249170490269,0.75,0.8,0.7740156417468879,0.75,0.8,biomedclip,d0065,good
0.7719230669049257,0.74,0.8,0.7714601674722632,0.74,0.8,biomedclip,d0066,good
0.7499673817608374,0.72,0.78,0.749744471714739,0.72,0.78,biomedclip,d0067,moderate
0.7958939540917135,0.77,0.82,0.8002402434138506,0.77,0.83,biomedclip,d0068,good
0.8277057793249453,0.8,0.85,0.8400263305886874,0.82,0.86,biomedclip,d0069,good
0.7898125624564005,0.76,0.82,0.7953575669146167,0.77,0.82,biomedclip,d0070,good
0.818890734428808,0.79,0.84,0.821206563936465,0.8,0.84,biomedclip,d0071,good
0.7850473889671152,0.76,0.81,0.7877830250769843,0.76,0.81,biomedclip,d0072,good
0.8271806485631324,0.8,0.85,0.8280787587303167,0.8,0.85,biomedclip,d0073,good
0.7888415944236573,0.76,0.81,0.7890693755788413,0.76,0.82,biomedclip,d0074,good
0.8672946107599278,0.85,0.89,0.8768829974653035,0.86,0.89,biomedclip,d0075,good
0.8329338844552294,0.81,0.85,0.8330908466676442,0.81,0.85,biomedclip,d0076,good
0.7741970754250944,0.75,0.8,0.7760598386513593,0.75,0.8,biomedclip,d0077,good
0.7786977716980953,0.75,0.81,0.7783378888499167,0.75,0.81,biomedclip,d0078,good
0.8277058246112051,0.8,0.85,0.8347782941553222,0.81,0.86,biomedclip,d0079,good
0.8091299574777794,0.78,0.83,0.8090653829784483,0.78,0.83,biomedclip,d0080,good
0.7879938014284892,0.76,0.81,0.790172022951064,0.76,0.82,biomedclip,d0081,good
0.7970486380734476,0.77,0.82,0.8033959063064048,0.78,0.83,biomedclip,d0082,good
0.8387011684132707,0.82,0.86,0.8400261166660966,0.82,0.86,biomedclip,d0083,good
0.7888216108125194,0.76,0.82,0.7941211336167548,0.77,0.82,biomedclip,d0084,good
0.8269912140779877,0.8,0.85,0.8268835345357328,0.8,0.85,biomedclip,d0085,good
0.8615770088104003,0.84,0.88,0.8641789039919575,0.85,0.88,biomedclip,d0086,good
0.7596366651954096,0.73,0.79,0.7594813098161088,0.73,0.79,biomedclip,d0087,good
0.8379751884806927,0.82,0.86,0.8417481715570393,0.82,0.86,biomedclip,d0088,good
0.7668576688978284,0.74,0.8,0.7687798807061988,0.74,0.8,biomedclip,d0089,good
0.8801193408835444,0.86,0.9,0.8885221248683047,0.87,0.9,biomedclip,d0090,good
0.7105966656026227,0.68,0.74,0.7126805554065031,0.68,0.75,biomedclip,d0091,moderate
0.7532911765585689,0.72,0.78,0.7542568354241721,0.72,0.78,biomedclip,d0092,good
0.8820110960216395,0.86,0.9,0.8872782150771867,0.87,0.9,biomedclip,d0093,good
0.7392405896728621,0.71,0.77,0.7406644994665427,0.71,0.77,biomedclip,d0094,moderate
0.751155899733142,0.72,0.78,0.7509704622495169,0.72,0.78,biomedclip,d0095,good
0.8200957775457443,0.8,0.84,0.823632353688879,0.8,0.85,biomedclip,d0096,good
0.7891123958707794,0.76,0.82,0.7943759905850182,0.77,0.82,biomedclip,d0097,good
0.8796041559452581,0.86,0.9,0.8921479286573822,0.88,0.91,biomedclip,d0098,good
0.7808171260592662,0.75,0.81,0.7861892959545901,0.76,0.81,biomedclip,d0099,good
0.8299518658629925,0.81,0.85,0.8311703753209468,0.81,0.85,biomedclip,d0100,good
0.8922744883720682,0.87,0.91,0.8997345147657918,0.89,0.91,biomedclip,d0101,good
0.7626889935047328,0.73,0.79,0.762322939126847,0.73,0.79,biomedclip,d0102,good
0.7682771234901891,0.74,0.8,0.7701811240504037,0.74,0.8,biomedclip,d0103,good
0.7445689137562765,0.71,0.77,0.7448499693215621,0.71,0.78,biomedclip,d0104,moderate
0.820630068949275,0.8,0.84,0.823085496812201,0.8,0.85,biomedclip,d0105,good
0.7783542706747557,0.75,0.81,0.778215377889361,0.75,0.81,biomedclip,d0106,good
0.8574338169764971,0.84,0.88,0.8590416975116542,0.84,0.88,biomedclip,d0107,good
0.818098206724869,0.79,0.84,0.8197201300220583,0.8,0.84,biomedclip,d0108,good
0.7135394412594456,0.68,0.75,0.7157750469556565,0.68,0.75,biomedclip,d0109,moderate
0.8318463375921683,0.81,0.85,0.8315847263523952,0.81,0.85,biomedclip,d0110,good
0.7493245560374513,0.72,0.78,0.7510098489535001,0.72,0.78,biomedclip,d0111,moderate
0.82328487053892,0.8,0.85,0.8233769711943482,0.8,0.85,biomedclip,d0112,good
0.792080753489063,0.77,0.82,0.7924096853898467,0.77,0.82,biomedclip,d0113,good
0.8167561507251577,0.79,0.84,0.8167124962491031,0.79,0.84,biomedclip,d0114,good
0.8443424514651414,0.82,0.87,0.8492304217363077,0.83,0.87,biomedclip,d0115,good
0.7951438186463988,0.77,0.82,0.7954458733082441,0.77,0.82,biomedclip,d0116,good
0.798058916036339,0.77,0.82,0.8007629017094534,0.77,0.83,biomedclip,d0117,good
0.7409797568996404,0.71,0.77,0.7421010540624414,0.71,0.77,biomedclip,d0118,moderate
0.7876364568123101,0.76,0.81,0.7912826997375131,0.76,0.82,biomedclip,d0119,good
0.8545714477856406,0.83,0.87,0.8580630212279001,0.84,0.88,biomedclip,d0120,good
0.8220837872096387,0.8,0.84,0.821975411035275,0.8,0.84,biomedclip,d0121,good
0.8329838316551503,0.81,0.85,0.8354698031652601,0.81,0.86,biomedclip,d0122,good
0.7952327262859806,0.77,0.82,0.7985349567577412,0.77,0.82,biomedclip,d0123,good
0.850179807247192,0.83,0.87,0.8529722139936388,0.83,0.87,biomedclip,d0124,good
0.7412556019781762,0.71,0.77,0.7467759851464574,0.72,0.78,biomedclip,d0125,moderate
0.8045493011383629,0.78,0.83,0.805768104520455,0.78,0.83,biomedclip,d0126,good
0.7749518445770663,0.75,0.8,0.7747895205349589,0.75,0.8,biomedclip,d0127,good
0.8108882868152802,0.79,0.83,0.8108130267842203,0.79,0.83,biomedclip,d0128,good
0.8855301435201137,0.86,0.91,0.9014245627790021,0.89,0.91,biomedclip,d0129,good
0.8040983199212831,0.78,0.83,0.8065789763164262,0.78,0.83,biomedclip,d0130,good
0.8210698801903985,0.8,0.84,0.8245550309936004,0.8,0.85,biomedclip,d0131,good
0.8078339340972449,0.78,0.83,0.8113018558475221,0.79,0.84,biomedclip,d0132,good
0.7541284904052676,0.72,0.78,0.7543744520035459,0.72,0.78,biomedclip,d0133,good
0.8042136668660517,0.78,0.83,0.813493953047322,0.79,0.84,biomedclip,d0134,good
0.8333874693307467,0.81,0.86,0.8407595460256828,0.82,0.86,biomedclip,d0135,good
0.7338241732537741,0.7,0.77,0.7338486351156394,0.7,0.77,biomedclip,d0136,moderate
0.7632240635734681,0.73,0.79,0.7677665002714643,0.74,0.8,biomedclip,d0137,good
0.7342417706012814,0.7,0.77,0.7403339477317041,0.71,0.77,biomedclip,d0138,moderate
0.7910786610786613,0.76,0.82,0.7923674470313425,0.77,0.82,biomedclip,d0139,good
0.8964593311570535,0.88,0.91,0.9099905827656084,0.9,0.92,biomedclip,d0140,good
0.7794323856394101,0.75,0.81,0.7795427316869807,0.75,0.81,biomedclip,d0141,good
0.8066209470456426,0.78,0.83,0.8089517891999402,0.78,0.83,biomedclip,d0142,good
0.7891335990351589,0.76,0.82,0.7897255821202438,0.76,0.82,biomedclip,d0143,good
0.8327379445796184,0.81,0.85,0.8326044132796704,0.81,0.85,biomedclip,d0144,good
0.781224479345661,0.75,0.81,0.7829422513424952,0.76,0.81,biomedclip,d0145,good
0.7796318205007094,0.75,0.81,0.7799778913705417,0.75,0.81,biomedclip,d0146,good
0.7946281615631213,0.77,0.82,0.7952006167173025,0.77,0.82,biomedclip,d0147,good
0.7982665894036242,0.77,0.83,0.8099446710423419,0.78,0.83,biomedclip,d0148,good
0.7821277166151701,0.75,0.81,0.7822534453044712,0.75,0.81,biomedclip,d0149,good
0.8109134280112179,0.79,0.83,0.8108465641288729,0.79,0.83,biomedclip,d0150,good
0.8081004857894879,0.78,0.84,0.8245804323659524,0.8,0.85,biomedclip,d0151,good
0.8392419132586739,0.81,0.86,0.8531419713748143,0.83,0.87,biomedclip,d0152,good
0.7973604482589653,0.77,0.82,0.8002025622756046,0.77,0.83,biomedclip,d0153,good
0.8724128732726764,0.85,0.89,0.8756523320637866,0.86,0.89,biomedclip,d0154,good
0.8041503451126306,0.78,0.83,0.8042098822958444,0.78,0.83,biomedclip,d0155,good
0.8439988824912605,0.82,0.86,0.8440728124237564,0.82,0.86,biomedclip,d0156,good
0.7774907516635007,0.75,0.8,0.7782147117890654,0.75,0.81,biomedclip,d0157,good
0.8099837603107957,0.79,0.83,0.8101061341870107,0.79,0.83,biomedclip,d0158,good
0.751524207279734,0.72,0.78,0.7648885174291454,0.74,0.79,biomedclip,d0159,good
0.7589839137762229,0.73,0.79,0.7669225296786554,0.74,0.8,biomedclip,d0160,good
0.8700968405228303,0.85,0.89,0.872505080111128,0.85,0.89,biomedclip,d0161,good
0.717832335738421,0.68,0.75,0.7203519223344876,0.69,0.75,biomedclip,d0162,moderate
0.7849748568427642,0.76,0.81,0.7846850917790407,0.76,0.81,biomedclip,d0163,good
0.8670893940387959,0.85,0.89,0.873037648197075,0.86,0.89,biomedclip,d0164,good
0.8517076264859201,0.83,0.87,0.8585697943486835,0.84,0.88,biomedclip,d0165,good
0.8541834430132973,0.83,0.87,0.8567407441548377,0.84,0.88,biomedclip,d0166,good
0.8393055428468438,0.82,0.86,0.8489968461288455,0.83,0.87,biomedclip,d0167,good
0.8015196451529876,0.78,0.83,0.8013470765548495,0.78,0.83,biomedclip,d0168,good
0.838540872199455,0.82,0.86,0.8438080577623157,0.82,0.86,biomedclip,d0169,good
0.8042545049571602,0.78,0.83,0.8067459562761122,0.78,0.83,biomedclip,d0170,good
0.7686382368424053,0.74,0.8,0.769060362452879,0.74,0.8,biomedclip,d0171,good
0.8151519587577392,0.79,0.84,0.8175104549273555,0.79,0.84,biomedclip,d0172,good
0.7974342024463112,0.77,0.82,0.7972748731467767,0.77,0.82,biomedclip,d0173,good
0.7735278333491789,0.75,0.8,0.7733756820463281,0.74,0.8,biomedclip,d0174,good
0.773937075958967,0.74,0.8,0.7843925280720729,0.76,0.81,biomedclip,d0175,good
0.7842419842367152,0.76,0.81,0.7842450948621782,0.76,0.81,biomedclip,d0176,good
0.698467912316982,0.66,0.73,0.6980532756689273,0.66,0.73,biomedclip,d0177,moderate
0.7616058612048544,0.73,0.79,0.7618785819583836,0.73,0.79,biomedclip,d0178,good
0.7959711303259925,0.77,0.82,0.7962663945646978,0.77,0.82,biomedclip,d0179,good
0.7798229226316681,0.75,0.81,0.7838622396837756,0.76,0.81,biomedclip,d0180,good
0.8008785209273346,0.77,0.83,0.8067084243016116,0.78,0.83,biomedclip,d0181,good
0.7308007628368168,0.7,0.76,0.7380090391166504,0.71,0.77,biomedclip,d0182,moderate
0.8367846962757616,0.81,0.86,0.8396102325051913,0.82,0.86,biomedclip,d0183,good
0.8107071596553411,0.79,0.83,0.8110532273726099,0.79,0.83,biomedclip,d0184,good
0.7428026592621874,0.71,0.77,0.7469957423984125,0.72,0.78,biomedclip,d0185,moderate
0.8228507607816963,0.8,0.85,0.8258011556802225,0.8,0.85,biomedclip,d0186,good
0.8545318081382195,0.83,0.87,0.8610080765062402,0.84,0.88,biomedclip,d0187,good
0.7316657376873781,0.7,0.76,0.7394616494764937,0.71,0.77,biomedclip,d0188,moderate
0.7933573323452997,0.77,0.82,0.7933913507656102,0.77,0.82,biomedclip,d0189,good
0.8520959754735548,0.83,0.87,0.8540525279228611,0.83,0.87,biomedclip,d0190,good
0.796328390985974,0.77,0.82,0.796050169630747,0.77,0.82,biomedclip,d0191,good
0.8973213553841254,0.88,0.91,0.9032755994172234,0.89,0.92,biomedclip,d0192,good
0.9026685865674284,0.88,0.92,0.9171077848669629,0.9,0.93,biomedclip,d0193,excellent
0.7605842566894763,0.73,0.79,0.7602402877033865,0.73,0.79,biomedclip,d0194,good
0.7870324513315758,0.76,0.81,0.7903891930618712,0.76,0.82,biomedclip,d0195,good
0.8460209423557737,0.82,0.87,0.8492572379251472,0.83,0.87,biomedclip,d0196,good
0.8590574971973988,0.84,0.88,0.8687219426035411,0.85,0.89,biomedclip,d0197,good
0.8760429549053245,0.86,0.89,0.8825538588601161,0.87,0.9,biomedclip,d0198,good
0.8102938736518586,0.79,0.83,0.8123221585740341,0.79,0.84,biomedclip,d0199,good
0.7541410404900079,0.72,0.78,0.7545559916583253,0.72,0.78,biomedclip,d0200,good
0.7479700375032103,0.72,0.78,0.7485091066125682,0.72,0.78,biomedclip,d0201,moderate
0.754098934072609,0.72,0.78,0.7547950752156999,0.72,0.78,biomedclip,d0202,good
0.7506769259153931,0.72,0.78,0.7522948043007205,0.72,0.78,biomedclip,d0203,good
0.7979496983556622,0.77,0.82,0.8063931487935806,0.78,0.83,biomedclip,d0204,good
0.7362818098612707,0.7,0.77,0.7378314474453824,0.71,0.77,biomedclip,d0205,moderate
0.815937321162396,0.79,0.84,0.8282077263556018,0.81,0.85,biomedclip,d0206,good
0.8603080235390126,0.84,0.88,0.8600684809091154,0.84,0.88,biomedclip,d0207,good
0.8417870979565961,0.82,0.86,0.8419837978538426,0.82,0.86,biomedclip,d0208,good
0.8523302704358836,0.83,0.87,0.8538278567983867,0.83,0.87,biomedclip,d0209,good
0.8436515515679154,0.82,0.87,0.8518490646367973,0.83,0.87,biomedclip,d0210,good
0.8199503207042453,0.8,0.84,0.8201035598004137,0.8,0.84,biomedclip,d0211,good
0.859234666797331,0.83,0.88,0.8803490200235426,0.86,0.9,biomedclip,d0212,good
0.7976267794004023,0.77,0.82,0.8043741188814885,0.78,0.83,biomedclip,d0213,good
0.8766967541977273,0.86,0.89,0.8779188287688756,0.86,0.89,biomedclip,d0214,good
0.7302351211165852,0.7,0.76,0.7324445445815295,0.7,0.76,biomedclip,d0215,moderate
0.832706869963443,0.81,0.85,0.8363075947729006,0.81,0.86,biomedclip,d0216,good
0.8051029196046037,0.78,0.83,0.8050170657145506,0.78,0.83,biomedclip,d0217,good
0.8474266066487365,0.82,0.87,0.8559500957405864,0.84,0.87,biomedclip,d0218,good
0.8457261074910981,0.82,0.87,0.855114029183918,0.84,0.87,biomedclip,d0219,good
0.7752549939137233,0.75,0.8,0.7756930204171503,0.75,0.8,biomedclip,d0220,good
0.792722344174675,0.77,0.82,0.7932439921115874,0.77,0.82,biomedclip,d0221,good
0.7871365827859995,0.76,0.81,0.7941341240560321,0.77,0.82,biomedclip,d0222,good
0.8592559895110045,0.83,0.88,0.8740379573792978,0.86,0.89,biomedclip,d0223,good
0.7446363167052857,0.71,0.77,0.7455022952832401,0.71,0.78,biomedclip,d0224,moderate
0.7489694245185015,0.72,0.78,0.7499308493395609,0.72,0.78,biomedclip,d0225,moderate
0.8822537979931542,0.86,0.9,0.8995639999674488,0.88,0.91,biomedclip,d0226,good
0.7880632991790089,0.76,0.81,0.7892334347917837,0.76,0.82,biomedclip,d0227,good
0.8717967200847923,0.85,0.89,0.8794992857854776,0.86,0.9,biomedclip,d0228,good
0.7941635395746633,0.77,0.82,0.8011688856093954,0.78,0.83,biomedclip,d0229,good
0.8353065702175341,0.81,0.86,0.8485734447077543,0.83,0.87,biomedclip,d0230,good
0.7484484230229149,0.72,0.78,0.7491012878212905,0.72,0.78,biomedclip,d0231,moderate
0.891227033449901,0.87,0.91,0.9013948179297421,0.89,0.91,biomedclip,d0232,good
0.8600284935155325,0.84,0.88,0.8730083521245731,0.86,0.89,biomedclip,d0233,good
0.7402803465728324,0.71,0.77,0.7446385284018124,0.71,0.77,biomedclip,d0234,moderate
0.7802059165129053,0.75,0.81,0.7817747233561458,0.75,0.81,biomedclip,d0235,good
0.817567123885445,0.79,0.84,0.8172806443123167,0.79,0.84,biomedclip,d0236,good
0.861321159739155,0.84,0.88,0.8749896749126691,0.86,0.89,biomedclip,d0237,good
0.8085178175615847,0.78,0.83,0.8091751261469649,0.78,0.83,biomedclip,d0238,good
0.8195791688550709,0.79,0.84,0.8301204689097187,0.81,0.85,biomedclip,d0239,good
0.8765781107186125,0.85,0.9,0.893555376733682,0.88,0.91,biomedclip,d0240,good
0.8699007837203264,0.85,0.89,0.8803406994810873,0.86,0.9,biomedclip,d0241,good
0.8410886873967814,0.82,0.86,0.8460888309117591,0.82,0.87,biomedclip,d0242,good
0.8738291278216649,0.86,0.89,0.8776579330988394,0.86,0.89,biomedclip,d0243,good
0.8240194931375194,0.8,0.85,0.8253874701082603,0.8,0.85,biomedclip,d0244,good
0.7415475599152688,0.71,0.77,0.7424443626822226,0.71,0.77,biomedclip,d0245,moderate
0.8555269194896061,0.84,0.87,0.857739583440432,0.84,0.88,biomedclip,d0246,good
0.798925514320331,0.77,0.82,0.8029345937607995,0.78,0.83,biomedclip,d0247,good
0.8541111479658579,0.83,0.87,0.8582208568984403,0.84,0.88,biomedclip,d0248,good
0.8793046581912479,0.86,0.9,0.8954163353853447,0.88,0.91,biomedclip,d0249,good
0.7965930740123534,0.77,0.82,0.7999789116343565,0.77,0.83,biomedclip,d0250,good
0.8074001015064152,0.78,0.83,0.8070989439084927,0.78,0.83,biomedclip,d0251,good
0.8519298582154771,0.82,0.88,0.870884942280372,0.85,0.89,biomedclip,d0252,good
0.8002484212118613,0.77,0.83,0.8013827964067999,0.78,0.83,biomedclip,d0253,good
0.8432503389273426,0.82,0.86,0.8454026733632973,0.82,0.87,biomedclip,d0254,good
0.8284437773087577,0.81,0.85,0.8307430688811054,0.81,0.85,biomedclip,d0255,good
0.7715625066706528,0.74,0.8,0.7721517520157032,0.74,0.8,biomedclip,d0256,good
0.8270520584985434,0.8,0.85,0.8270473987393032,0.8,0.85,biomedclip,d0257,good
0.7517742069024594,0.72,0.78,0.7517523665162933,0.72,0.78,biomedclip,d0258,good
0.8248662566266509,0.8,0.85,0.8393127422805898,0.82,0.86,biomedclip,d0259,good
0.753217415202112,0.72,0.78,0.7570561210803415,0.73,0.79,biomedclip,d0260,good
0.8072198434999973,0.78,0.83,0.8095118814774713,0.78,0.83,biomedclip,d0261,good
0.8204087373056369,0.8,0.84,0.8203467822912784,0.8,0.84,biomedclip,d0262,good
0.8198684967104967,0.8,0.84,0.8202152195882801,0.8,0.84,biomedclip,d0263,good
0.8849773523895107,0.86,0.9,0.8991430592332417,0.88,0.91,biomedclip,d0264,good
0.8313000645550827,0.81,0.85,0.8333773804343284,0.81,0.85,biomedclip,d0265,good
0.8624683245590544,0.84,0.88,0.8660149518237961,0.85,0.88,biomedclip,d0266,good
0.7827742655987155,0.76,0.81,0.7844782374811501,0.76,0.81,biomedclip,d0267,good
0.8084315630078063,0.78,0.83,0.8083915134385253,0.78,0.83,biomedclip,d0268,good
0.7756835329191092,0.75,0.8,0.7753091722843702,0.75,0.8,biomedclip,d0269,good
0.73167407469775,0.7,0.76,0.7318898902284264,0.7,0.76,biomedclip,d0270,moderate
0.798737386163744,0.77,0.82,0.7986332813960965,0.77,0.82,biomedclip,d0271,good
0.8327349200951774,0.81,0.85,0.8325780902801216,0.81,0.85,biomedclip,d0272,good
0.824549373577513,0.8,0.85,0.8244575238924423,0.8,0.85,biomedclip,d0273,good
0.8286493403797482,0.8,0.85,0.8371655239073268,0.82,0.86,biomedclip,d0274,good
0.8737116086726873,0.85,0.89,0.8813960762543036,0.86,0.9,biomedclip,d0275,good
0.8488238693317681,0.83,0.87,0.8552098815662352,0.84,0.87,biomedclip,d0276,good
0.7651050136329289,0.74,0.79,0.7665954400972215,0.74,0.79,biomedclip,d0277,good
0.8082243872664102,0.78,0.83,0.8080463014468947,0.78,0.83,biomedclip,d0278,good
0.8296861892236843,0.81,0.85,0.837608490980863,0.82,0.86,biomedclip,d0279,good
0.7816008272559988,0.75,0.81,0.7821959807198218,0.75,0.81,biomedclip,d0280,good
0.7679413531238777,0.74,0.8,0.7695253122873796,0.74,0.8,biomedclip,d0281,good
0.7833949858475705,0.76,0.81,0.7830179633796103,0.76,0.81,biomedclip,d0282,good
0.7780606315171054,0.75,0.81,0.7779428244261898,0.75,0.81,biomedclip,d0283,good
0.7805022611410477,0.75,0.81,0.7928867305161605,0.77,0.82,biomedclip,d0284,good
0.8520024511734536,0.83,0.87,0.8539210333821105,0.83,0.87,biomedclip,d0285,good
0.8428676150109616,0.82,0.86,0.8457868074323664,0.82,0.87,biomedclip,d0286,good
0.7127789514393809,0.68,0.75,0.7131500479380484,0.68,0.75,biomedclip,d0287,moderate
0.8378040845172217,0.82,0.86,0.8390272241832866,0.82,0.86,biomedclip,d0288,good
0.8111730340740009,0.78,0.84,0.8227426581941478,0.8,0.85,biomedclip,d0289,good
0.7038939778452172,0.67,0.74,0.7037089819678444,0.67,0.74,biomedclip,d0290,moderate
0.8093110562554685,0.78,0.83,0.809168343769093,0.78,0.83,biomedclip,d0291,good
0.7743900884214762,0.75,0.8,0.7766930267764588,0.75,0.8,biomedclip,d0292,good
0.8161034526686152,0.79,0.84,0.816586201421571,0.79,0.84,biomedclip,d0293,good
0.8966510453538848,0.88,0.91,0.9102838936239791,0.9,0.92,biomedclip,d0294,good
0.8481524305623968,0.82,0.87,0.8613871992031609,0.84,0.88,biomedclip,d0295,good
0.8539320387937126,0.83,0.87,0.8606078373846495,0.84,0.88,biomedclip,d0296,good
0.790802897611196,0.76,0.82,0.7971852953031441,0.77,0.82,biomedclip,d0297,good
0.7356840511358513,0.7,0.77,0.7369715500558627,0.71,0.77,biomedclip,d0298,moderate
0.8656395072929224,0.85,0.88,0.8662750500735726,0.85,0.88,biomedclip,d0299,good
0.804988453112719,0.78,0.83,0.8047907887152168,0.78,0.83,biomedclip,d0300,good
0.7762764951043297,0.75,0.8,0.7828825495776487,0.76,0.81,biomedclip,d0301,good
0.7894828776350101,0.76,0.82,0.7946870292696678,0.77,0.82,biomedclip,d0302,good
0.7637707681469071,0.73,0.79,0.7640667876620265,0.73,0.79,biomedclip,d0303,good
0.7693294103348426,0.74,0.8,0.769120014878976,0.74,0.8,biomedclip,d0304,good
0.8603647157365826,0.84,0.88,0.8730135301397837,0.86,0.89,biomedclip,d0305,good
0.7456489947954299,0.71,0.78,0.7456024780621099,0.71,0.78,biomedclip,d0306,moderate
0.7512945707682683,0.72,0.78,0.7513853900783956,0.72,0.78,biomedclip,d0307,good
0.8292914003451424,0.81,0.85,0.8293375742823617,0.81,0.85,biomedclip,d0308,good
0.851094787794585,0.83,0.87,0.8562987266595634,0.84,0.88,biomedclip,d0309,good
0.7873906034115122,0.76,0.81,0.7872694665795453,0.76,0.81,biomedclip,d0310,good
0.7777817356869655,0.75,0.81,0.7774400183124484,0.75,0.8,biomedclip,d0311,good
0.8215001879232717,0.8,0.84,0.8278635738226315,0.8,0.85,biomedclip,d0312,good
0.7705869419722646,0.74,0.8,0.770424702687285,0.74,0.8,biomedclip,d0313,good
0.770833941811429,0.74,0.8,0.7747750935090357,0.75,0.8,biomedclip,d0314,good
0.7800422522873504,0.75,0.81,0.7838732540164659,0.76,0.81,biomedclip,d0315,good
0.8890796013432836,0.87,0.9,0.8898577003266779,0.87,0.9,biomedclip,d0316,good
0.8090073584831052,0.78,0.84,0.8254454498273138,0.8,0.85,biomedclip,d0317,good
0.7916356196870602,0.76,0.82,0.7930296090182856,0.77,0.82,biomedclip,d0318,good
0.8576573721680826,0.84,0.88,0.8576472526403476,0.84,0.88,biomedclip,d0319,good
0.7818395850185216,0.75,0.81,0.7850217255630665,0.76,0.81,biomedclip,d0320,good
0.804117647313252,0.78,0.83,0.8150301051389792,0.79,0.84,biomedclip,d0321,good
0.7739816180527562,0.75,0.8,0.7740340554549117,0.75,0.8,biomedclip,d0322,good
0.8379954322150247,0.82,0.86,0.8387283729778179,0.82,0.86,biomedclip,d0323,good
0.7942565862778381,0.77,0.82,0.7948737765845337,0.77,0.82,biomedclip,d0324,good
0.8047187571186724,0.78,0.83,0.81582757631875,0.79,0.84,biomedclip,d0325,good
0.857749643308104,0.84,0.88,0.8574866948834944,0.84,0.88,biomedclip,d0326,good
0.7663023835515738,0.74,0.79,0.7660823301039426,0.74,0.79,biomedclip,d0327,good
0.8194399746566198,0.8,0.84,0.8202698463121985,0.8,0.84,biomedclip,d0328,good
0.7350615973565704,0.7,0.77,0.7354784306616603,0.7,0.77,biomedclip,d0329,moderate
0.8409141387298464,0.82,0.86,0.8440064662489059,0.82,0.86,biomedclip,d0330,good
0.808194875205112,0.78,0.83,0.8079273015009331,0.78,0.83,biomedclip,d0331,good
0.8307069549956018,0.81,0.85,0.8353416570445484,0.81,0.86,biomedclip,d0332,good
0.8483596443442082,0.83,0.87,0.8500729271384566,0.83,0.87,biomedclip,d0333,good
0.7482270310242289,0.72,0.78,0.7525945799543845,0.72,0.78,biomedclip,d0334,moderate
0.7460616511434636,0.72,0.78,0.7458768768649234,0.72,0.78,biomedclip,d0335,moderate
0.7605827108286027,0.73,0.79,0.7624063169227463,0.73,0.79,biomedclip,d0336,good
0.7458084092548041,0.71,0.78,0.7494988118282493,0.72,0.78,biomedclip,d0337,moderate
0.8514658015383546,0.83,0.87,0.8513873243195689,0.83,0.87,biomedclip,d0338,good
0.7590415586426204,0.73,0.79,0.7601928554990788,0.73,0.79,biomedclip,d0339,good
0.8073881222593089,0.78,0.83,0.8072965024673379,0.78,0.83,biomedclip,d0340,good
0.8003347754138059,0.77,0.83,0.8031555120526743,0.78,0.83,biomedclip,d0341,good
0.8163219253824213,0.79,0.84,0.8165913259377248,0.79,0.84,biomedclip,d0342,good
0.8596333950910494,0.84,0.88,0.8598556701403968,0.84,0.88,biomedclip,d0343,good
0.8105138772987119,0.79,0.83,0.8105042532945946,0.79,0.83,biomedclip,d0344,good
0.866281777224069,0.85,0.88,0.871293271999502,0.85,0.89,biomedclip,d0345,good
0.8438410018245781,0.82,0.86,0.8480769489353451,0.83,0.87,biomedclip,d0346,good
0.7702644303460108,0.74,0.8,0.7741871173477508,0.75,0.8,biomedclip,d0347,good
0.8722499940939246,0.84,0.9,0.8917606606486149,0.88,0.91,biomedclip,d0348,good
0.8129300902198517,0.79,0.84,0.8133365218751031,0.79,0.84,biomedclip,d0349,good
0.8029825116594259,0.78,0.83,0.8054030514224678,0.78,0.83,biomedclip,d0350,good
0.7307915756018118,0.7,0.76,0.7304172657155644,0.7,0.76,biomedclip,d0351,moderate
0.8127340654651879,0.79,0.84,0.81376888697492,0.79,0.84,biomedclip,d0352,good
0.7496092216262195,0.72,0.78,0.7495803032366732,0.72,0.78,biomedclip,d0353,moderate
0.7542030271626126,0.72,0.78,0.754826682690313,0.72,0.78,biomedclip,d0354,good
0.7793956917698435,0.75,0.81,0.7825222447531283,0.75,0.81,biomedclip,d0355,good
0.803741697533166,0.78,0.83,0.8103689880911956,0.79,0.83,biomedclip,d0356,good
0.8732403467713153,0.85,0.89,0.8791664004223256,0.86,0.9,biomedclip,d0357,good
0.8313321056161778,0.81,0.85,0.8358591519994276,0.81,0.86,biomedclip,d0358,good
0.86131937772464,0.84,0.88,0.8644866720608567,0.85,0.88,biomedclip,d0359,good
0.7793839649083437,0.75,0.81,0.791357050497854,0.76,0.82,biomedclip,d0360,good
0.8191735794612878,0.79,0.84,0.8317371197355342,0.81,0.85,biomedclip,d0361,good
0.7576865702094066,0.73,0.79,0.7573591158706486,0.73,0.79,biomedclip,d0362,good
0.8731860384566784,0.85,0.89,0.88054977567731,0.86,0.9,biomedclip,d0363,good
0.7966915315629775,0.77,0.82,0.7974328938528918,0.77,0.82,biomedclip,d0364,good
0.7957109345115873,0.77,0.82,0.8015230187182881,0.78,0.83,biomedclip,d0365,good
0.82075386385212,0.8,0.84,0.8296622000413266,0.81,0.85,biomedclip,d0366,good
0.8073104170908512,0.78,0.83,0.811877298158868,0.79,0.84,biomedclip,d0367,good
0.768726810315048,0.74,0.8,0.7682990379299286,0.74,0.8,biomedclip,d0368,good
0.8196195964587841,0.8,0.84,0.8232547774178813,0.8,0.85,biomedclip,d0369,good
0.8025855781433808,0.78,0.83,0.8046374234556961,0.78,0.83,biomedclip,d0370,good
0.833451931897557,0.81,0.86,0.8452755574089157,0.82,0.87,biomedclip,d0371,good
0.7691811504727778,0.74,0.8,0.7698369061447892,0.74,0.8,biomedclip,d0372,good
0.8297242053626952,0.81,0.85,0.8361376108804813,0.81,0.86,biomedclip,d0373,good
0.7974130279275424,0.77,0.82,0.7985083929161622,0.77,0.82,biomedclip,d0374,good
0.7892531905824639,0.76,0.82,0.7891820348493299,0.76,0.82,biomedclip,d0375,good
0.8344278770914989,0.81,0.86,0.8345604090302197,0.81,0.86,biomedclip,d0376,good
0.7046462007121507,0.67,0.74,0.7044896408806409,0.67,0.74,biomedclip,d0377,moderate
0.8691680591359087,0.85,0.89,0.8691334510851884,0.85,0.89,biomedclip,d0378,good
0.8318611934945547,0.81,0.85,0.8322311661980974,0.81,0.85,biomedclip,d0379,good
0.8049769104531816,0.78,0.83,0.806820408323332,0.78,0.83,biomedclip,d0380,good
0.8713435654241887,0.85,0.89,0.8775475684938734,0.86,0.89,biomedclip,d0381,good
0.7765177601487641,0.75,0.8,0.7797165252247318,0.75,0.81,biomedclip,d0382,good
0.7402016527090076,0.71,0.77,0.7402268688564191,0.71,0.77,biomedclip,d0383,moderate
0.856473727365898,0.84,0.88,0.8563515788286992,0.84,0.88,biomedclip,d0384,good
0.7933182287220382,0.77,0.82,0.8024686959891273,0.78,0.83,biomedclip,d0385,good
0.7768394647917192,0.75,0.8,0.7816151305941065,0.75,0.81,biomedclip,d0386,good
0.7653451151313122,0.74,0.79,0.7651686703346577,0.74,0.79,biomedclip,d0387,good
0.7801591308642151,0.75,0.81,0.784878320579909,0.76,0.81,biomedclip,d0388,good
0.7871353152992822,0.76,0.81,0.7880174451818828,0.76,0.81,biomedclip,d0389,good
0.8175082001346118,0.79,0.84,0.8194956239157742,0.8,0.84,biomedclip,d0390,good
0.8243293821025217,0.8,0.85,0.8254894904878147,0.8,0.85,biomedclip,d0391,good
0.8106170822807162,0.78,0.84,0.8168920091694744,0.79,0.84,biomedclip,d0392,good
0.8066176363699207,0.78,0.83,0.8088103101743733,0.78,0.83,biomedclip,d0393,good
0.8093552967407973,0.78,0.83,0.8181732979952216,0.79,0.84,biomedclip,d0394,good
0.787880868014742,0.76,0.82,0.7966347105907634,0.77,0.82,biomedclip,d0395,good
0.8364155153992089,0.81,0.86,0.8432558266715445,0.82,0.86,biomedclip,d0396,good
0.8354499077518591,0.81,0.86,0.8407873281475848,0.82,0.86,biomedclip,d0397,good
0.8066761419449103,0.78,0.83,0.8124349223988143,0.79,0.84,biomedclip,d0398,good
0.8359892861550801,0.81,0.86,0.841530788274327,0.82,0.86,biomedclip,d0399,good
0.7708607478084709,0.74,0.8,0.7719850024900882,0.74,0.8,biomedclip,d0400,good
0.7956155199441359,0.77,0.82,0.7952418927909067,0.77,0.82,biomedclip,d0401,good
0.8602929023498508,0.84,0.88,0.8706832817148724,0.85,0.89,biomedclip,d0402,good
0.8353881349680686,0.81,0.86,0.8362258436436959,0.81,0.86,biomedclip,d0403,good
0.8630687854828462,0.84,0.88,0.8673135674270117,0.85,0.88,biomedclip,d0404,good
0.8353550148087728,0.81,0.86,0.842634327479875,0.82,0.86,biomedclip,d0405,good
0.8575013996753407,0.84,0.88,0.8621444865040229,0.84,0.88,biomedclip,d0406,good
0.8438356460300814,0.82,0.87,0.8579947874861333,0.84,0.88,biomedclip,d0407,good
0.7298992569081872,0.7,0.76,0.7307606152908607,0.7,0.76,biomedclip,d0408,moderate
0.7930566727017903,0.77,0.82,0.8002901328447769,0.77,0.83,biomedclip,d0409,good
0.8140714601666386,0.79,0.84,0.823596044082677,0.8,0.85,biomedclip,d0410,good
0.7398343086410627,0.71,0.77,0.7398086254345339,0.71,0.77,biomedclip,d0411,moderate
0.7754787832967249,0.75,0.8,0.775558448696284,0.75,0.8,biomedclip,d0412,good
0.8498204417340494,0.83,0.87,0.8585020877275636,0.84,0.88,biomedclip,d0413,good
0.8000941955657953,0.77,0.83,0.8069041484143904,0.78,0.83,biomedclip,d0414,good
0.7565904947234917,0.73,0.79,0.7572914775199602,0.73,0.79,biomedclip,d0415,good
0.7339981383933173,0.7,0.77,0.7343860695388486,0.7,0.77,biomedclip,d0416,moderate
0.8251301605430348,0.8,0.85,0.825462796051132,0.8,0.85,biomedclip,d0417,good
0.8239966542235965,0.8,0.85,0.8241791795723054,0.8,0.85,biomedclip,d0418,good
0.815222193405672,0.79,0.84,0.8207470878781278,0.8,0.84,biomedclip,d0419,good
0.7749250501289282,0.75,0.8,0.7767612133067252,0.75,0.8,biomedclip,d0420,good
0.8241613100562076,0.8,0.85,0.8254946338213299,0.8,0.85,biomedclip,d0421,good
0.7610321658326763,0.73,0.79,0.7681599574666687,0.74,0.8,biomedclip,d0422,good
0.7728205917620142,0.74,0.8,0.7729475777267664,0.74,0.8,biomedclip,d0423,good
0.7616385149033045,0.73,0.79,0.7614034077223855,0.73,0.79,biomedclip,d0424,good
0.7729206835123762,0.74,0.8,0.774410939786002,0.75,0.8,biomedclip,d0425,good
0.8400478331931377,0.82,0.86,0.8435858616933871,0.82,0.86,biomedclip,d0426,good
0.7915697889689826,0.76,0.82,0.7919907122341825,0.77,0.82,biomedclip,d0427,good
0.7984172011468064,0.77,0.82,0.8005606075388202,0.77,0.83,biomedclip,d0428,good
0.7881212317761631,0.76,0.82,0.8020964041406683,0.78,0.83,biomedclip,d0429,good
0.7879869963097379,0.76,0.81,0.7901220510393229,0.76,0.82,biomedclip,d0430,good
0.8479710369148785,0.83,0.87,0.8476720463089148,0.83,0.87,biomedclip,d0431,good
0.8574043919163409,0.84,0.88,0.8577604716031692,0.84,0.88,biomedclip,d0432,good
0.7494532142295043,0.72,0.78,0.7495145087000461,0.72,0.78,biomedclip,d0433,moderate
0.7922717933014716,0.76,0.82,0.7982476061375025,0.77,0.82,biomedclip,d0434,good
0.7688421351649793,0.74,0.8,0.7692068363157054,0.74,0.8,biomedclip,d0435,good
0.7530925646240652,0.72,0.78,0.7549277063827078,0.72,0.78,biomedclip,d0436,good
0.8098500482843201,0.78,0.83,0.8143098254779711,0.79,0.84,biomedclip,d0437,good
0.803100641133441,0.78,0.83,0.8035456614406725,0.78,0.83,biomedclip,d0438,good
0.7888801893110782,0.76,0.82,0.7888976039576541,0.76,0.82,biomedclip,d0439,good
0.7696597368802544,0.74,0.8,0.7700299450999961,0.74,0.8,biomedclip,d0440,good
0.769700205595007,0.74,0.8,0.770084234414676,0.74,0.8,biomedclip,d0441,good
0.7970891137918195,0.77,0.82,0.8065983195473206,0.78,0.83,biomedclip,d0442,good
0.8078469892036272,0.78,0.83,0.808886784061398,0.78,0.83,biomedclip,d0443,good
0.7874822484836437,0.76,0.81,0.7952461322207401,0.77,0.82,biomedclip,d0444,good
0.7999350457488402,0.77,0.83,0.8019731292985374,0.78,0.83,biomedclip,d0445,good
0.8164692340643189,0.79,0.84,0.817594714996803,0.79,0.84,biomedclip,d0446,good
0.6826825815484523,0.65,0.72,0.6862924781083114,0.65,0.72,biomedclip,d0447,moderate
0.7989117238802522,0.77,0.82,0.7993371350577351,0.77,0.82,biomedclip,d0448,good
0.8153448353790275,0.79,0.84,0.8157897617836202,0.79,0.84,biomedclip,d0449,good
0.7506613362813959,0.72,0.78,0.7504030549685149,0.72,0.78,biomedclip,d0450,good
0.8073020916686199,0.78,0.83,0.8094262183120688,0.78,0.83,biomedclip,d0451,good
0.8318564331132032,0.81,0.85,0.8354488537522337,0.81,0.86,biomedclip,d0452,good
0.7717855933915287,0.74,0.8,0.772081267878937,0.74,0.8,biomedclip,d0453,good
0.8608902032079957,0.84,0.88,0.8634500855596388,0.84,0.88,biomedclip,d0454,good
0.8057237025496458,0.78,0.83,0.8061561262613866,0.78,0.83,biomedclip,d0455,good
0.8094607948545198,0.78,0.83,0.819305856264543,0.8,0.84,biomedclip,d0456,good
0.8528442964996633,0.83,0.87,0.8653062918536223,0.85,0.88,biomedclip,d0457,good
0.7879681109247404,0.76,0.81,0.7888076008749614,0.76,0.81,biomedclip,d0458,good
0.8019658186375258,0.78,0.83,0.8034505380693419,0.78,0.83,biomedclip,d0459,good
0.7069861312377367,0.67,0.74,0.7071945724845077,0.67,0.74,biomedclip,d0460,moderate
0.7516954477328075,0.72,0.78,0.754251569943827,0.72,0.78,biomedclip,d0461,good
0.79448950054391,0.77,0.82,0.7945959971115373,0.77,0.82,biomedclip,d0462,good
0.7560511397672673,0.73,0.79,0.7567339066256049,0.73,0.79,biomedclip,d0463,good
0.7469507854156592,0.72,0.78,0.7518333824354833,0.72,0.78,biomedclip,d0464,moderate
0.8652781316423466,0.84,0.88,0.8726222994648865,0.85,0.89,biomedclip,d0465,good
0.8801339299546481,0.86,0.9,0.8831536975219801,0.87,0.9,biomedclip,d0466,good
0.7574564252125343,0.73,0.79,0.7603839517289684,0.73,0.79,biomedclip,d0467,good
0.7292948977766732,0.7,0.76,0.7292120823244953,0.7,0.76,biomedclip,d0468,moderate
0.7911329482682943,0.76,0.82,0.7957987799360993,0.77,0.82,biomedclip,d0469,good
0.8658451427414474,0.84,0.89,0.8797807968575657,0.86,0.9,biomedclip,d0470,good
0.8856754254178767,0.87,0.9,0.8909725185869477,0.88,0.91,biomedclip,d0471,good
0.8672441621847284,0.84,0.89,0.8794710148753746,0.86,0.9,biomedclip,d0472,good
0.7293139033975776,0.7,0.76,0.7290658714535263,0.7,0.76,biomedclip,d0473,moderate
0.7659508445573996,0.74,0.79,0.7660478732615459,0.74,0.79,biomedclip,d0474,good
0.8557860083533873,0.84,0.87,0.8585154622415456,0.84,0.88,biomedclip,d0475,good
0.8953718522395271,0.88,0.91,0.8994199432819826,0.88,0.91,biomedclip,d0476,good
0.7745207492075513,0.75,0.8,0.7790344989493427,0.75,0.81,biomedclip,d0477,good
0.8548513620799701,0.83,0.87,0.8609784527338089,0.84,0.88,biomedclip,d0478,good
0.8310844540410282,0.81,0.85,0.833210737938813,0.81,0.85,biomedclip,d0479,good
0.8308124495440422,0.81,0.85,0.8312531030564075,0.81,0.85,biomedclip,d0480,good
0.7363600783381338,0.7,0.77,0.7368913441914937,0.71,0.77,biomedclip,d0481,moderate
0.8109057617378538,0.79,0.83,0.8117469082270404,0.79,0.84,biomedclip,d0482,good
0.7359889618728881,0.7,0.77,0.7356232389535651,0.7,0.77,biomedclip,d0483,moderate
0.8340806379201006,0.81,0.86,0.838886710041594,0.82,0.86,biomedclip,d0484,good
0.8040339203148643,0.78,0.83,0.8039222256712907,0.78,0.83,biomedclip,d0485,good
0.8454362102975571,0.82,0.87,0.864888572187428,0.85,0.88,biomedclip,d0486,good
0.8310563821956484,0.81,0.85,0.8363422940926025,0.81,0.86,biomedclip,d0487,good
0.7897232295507842,0.76,0.82,0.7895583147082095,0.76,0.82,biomedclip,d0488,good
0.8267906264605133,0.8,0.85,0.8271341855522512,0.8,0.85,biomedclip,d0489,good
0.8341571707225178,0.81,0.86,0.8375169156383002,0.82,0.86,biomedclip,d0490,good
0.8427099577216465,0.82,0.86,0.8467807484287936,0.83,0.87,biomedclip,d0491,good
0.850020067835727,0.82,0.87,0.8652244727905887,0.85,0.88,biomedclip,d0492,good
0.7671574999075963,0.74,0.8,0.7670249800835649,0.74,0.8,biomedclip,d0493,good
0.8314550135247415,0.81,0.85,0.8375203492126202,0.82,0.86,biomedclip,d0494,good
0.8332923104152054,0.81,0.85,0.835197658214549,0.81,0.86,biomedclip,d0495,good
0.7940621326397863,0.77,0.82,0.7978938429826683,0.77,0.82,biomedclip,d0496,good
0.8170548686302522,0.79,0.84,0.8183801044483217,0.79,0.84,biomedclip,d0497,good
0.8830613274720249,0.87,0.9,0.8846263206689693,0.87,0.9,biomedclip,d0498,good
0.8240908075409328,0.8,0.85,0.8291632511631377,0.81,0.85,biomedclip,d0499,good
0.8523574937864815,0.83,0.87,0.8528829855366181,0.83,0.87,biomedclip,d0500,good
0.8157456653139491,0.79,0.84,0.823146655761129,0.8,0.85,biomedclip,d0501,good
0.8221314011689697,0.79,0.85,0.8355208858055815,0.81,0.86,biomedclip,d0502,good
0.8404819008701248,0.82,0.86,0.8455347479934694,0.82,0.87,biomedclip,d0503,good
0.797384195002946,0.77,0.82,0.8071670501774452,0.78,0.83,biomedclip,d0504,good
0.8334973048464737,0.81,0.86,0.838529529786639,0.82,0.86,biomedclip,d0505,good
0.7890913604358657,0.76,0.82,0.7891706417051833,0.76,0.82,biomedclip,d0506,good
0.7951949475015694,0.77,0.82,0.7986860819055852,0.77,0.82,biomedclip,d0507,good
0.8004754768877697,0.77,0.83,0.8009903194797054,0.78,0.83,biomedclip,d0508,good
0.8057090311371634,0.78,0.83,0.8054323123107131,0.78,0.83,biomedclip,d0509,good
0.8374890941569665,0.82,0.86,0.8371695126474585,0.82,0.86,biomedclip,d0510,good
0.7811216165885029,0.75,0.81,0.7870011549204525,0.76,0.81,biomedclip,d0511,good
